industry_rank,industry_code,industry_name,industry_rise_from_low_pct,industry_days_since_low,industry_up_days_after_low,industry_window_low_date,ts_code,stock_name,same_direction_ratio,same_direction_days,same_up_days,same_down_days,opposite_direction_days,neutral_days,direction_observations,stock_window
1,801712.SI,玻璃玻纤,0.1493744532168293,10,8,20260904,301526.SZ,国际复材,0.9,18,11,7,2,0,20,20
1,801712.SI,玻璃玻纤,0.1493744532168293,10,8,20260904,600176.SH,中国巨石,0.9,18,11,7,2,0,20,20
1,801712.SI,玻璃玻纤,0.1493744532168293,10,8,20260904,300196.SZ,长海股份,0.85,17,11,6,3,0,20,20
1,801712.SI,玻璃玻纤,0.1493744532168293,10,8,20260904,605006.SH,山东玻纤,0.8,16,9,7,4,0,20,20
1,801712.SI,玻璃玻纤,0.1493744532168293,10,8,20260904,002080.SZ,中材科技,0.75,15,10,5,5,0,20,20
1,801712.SI,玻璃玻纤,0.1493744532168293,10,8,20260904,600293.SH,三峡新材,0.7,14,10,4,6,0,20,20
1,801712.SI,玻璃玻纤,0.1493744532168293,10,8,20260904,603256.SH,宏和科技,0.7,14,10,4,6,0,20,20
1,801712.SI,玻璃玻纤,0.1493744532168293,10,8,20260904,002613.SZ,北玻股份,0.6842105263157895,13,9,4,6,1,19,20
1,801712.SI,玻璃玻纤,0.1493744532168293,10,8,20260904,603601.SH,再升科技,0.6842105263157895,13,8,5,6,1,19,20
1,801712.SI,玻璃玻纤,0.1493744532168293,10,8,20260904,601112.SH,振石股份,0.65,13,9,4,7,0,20,20
2,801744.SI,航海装备Ⅱ,0.1492169322072734,19,12,20260824,600150.SH,中国船舶,0.9,18,12,6,2,0,20,20
2,801744.SI,航海装备Ⅱ,0.1492169322072734,19,12,20260824,300600.SZ,国瑞科技,0.8,16,10,6,4,0,20,20
2,801744.SI,航海装备Ⅱ,0.1492169322072734,19,12,20260824,300008.SZ,天海防务,0.7368421052631579,14,9,5,5,1,19,20
2,801744.SI,航海装备Ⅱ,0.1492169322072734,19,12,20260824,600685.SH,中船防务,0.7,14,10,4,6,0,20,20
2,801744.SI,航海装备Ⅱ,0.1492169322072734,19,12,20260824,603268.SH,松发股份,0.7,14,9,5,6,0,20,20
2,801744.SI,航海装备Ⅱ,0.1492169322072734,19,12,20260824,600764.SH,中国海防,0.6842105263157895,13,8,5,6,1,19,20
2,801744.SI,航海装备Ⅱ,0.1492169322072734,19,12,20260824,601890.SH,亚星锚链,0.6666666666666666,12,8,4,6,2,18,20
2,801744.SI,航海装备Ⅱ,0.1492169322072734,19,12,20260824,300589.SZ,江龙船艇,0.631578947368421,12,8,4,7,1,19,20
2,801744.SI,航海装备Ⅱ,0.1492169322072734,19,12,20260824,300810.SZ,中科海讯,0.631578947368421,12,5,7,7,1,19,20
3,801083.SI,元件,0.13476666437219764,10,8,20260904,002463.SZ,沪电股份,0.95,19,11,8,1,0,20,20
3,801083.SI,元件,0.13476666437219764,10,8,20260904,002916.SZ,深南电路,0.95,19,11,8,1,0,20,20
3,801083.SI,元件,0.13476666437219764,10,8,20260904,605258.SH,协和电子,0.95,19,12,7,1,0,20,20
3,801083.SI,元件,0.13476666437219764,10,8,20260904,001389.SZ,广合科技,0.9,18,11,7,2,0,20,20
3,801083.SI,元件,0.13476666437219764,10,8,20260904,301132.SZ,满坤科技,0.9,18,12,6,2,0,20,20
3,801083.SI,元件,0.13476666437219764,10,8,20260904,000823.SZ,超声电子,0.85,17,10,7,3,0,20,20
3,801083.SI,元件,0.13476666437219764,10,8,20260904,300964.SZ,本川智能,0.85,17,11,6,3,0,20,20
3,801083.SI,元件,0.13476666437219764,10,8,20260904,002636.SZ,金安国纪,0.8,16,10,6,4,0,20,20
3,801083.SI,元件,0.13476666437219764,10,8,20260904,300408.SZ,三环集团,0.8,16,10,6,4,0,20,20
3,801083.SI,元件,0.13476666437219764,10,8,20260904,300476.SZ,胜宏科技,0.8,16,8,8,4,0,20,20
3,801083.SI,元件,0.13476666437219764,10,8,20260904,300739.SZ,明阳电路,0.8,16,10,6,4,0,20,20
3,801083.SI,元件,0.13476666437219764,10,8,20260904,300936.SZ,中英科技,0.8,16,9,7,4,0,20,20
3,801083.SI,元件,0.13476666437219764,10,8,20260904,301366.SZ,一博科技,0.8,16,10,6,4,0,20,20
3,801083.SI,元件,0.13476666437219764,10,8,20260904,600601.SH,方正科技,0.8,16,10,6,4,0,20,20
3,801083.SI,元件,0.13476666437219764,10,8,20260904,603228.SH,景旺电子,0.8,16,9,7,4,0,20,20
3,801083.SI,元件,0.13476666437219764,10,8,20260904,603386.SH,骏亚科技,0.8,16,11,5,4,0,20,20
3,801083.SI,元件,0.13476666437219764,10,8,20260904,603920.SH,世运电路,0.8,16,10,6,4,0,20,20
3,801083.SI,元件,0.13476666437219764,10,8,20260904,605058.SH,澳弘电子,0.8,16,11,5,4,0,20,20
3,801083.SI,元件,0.13476666437219764,10,8,20260904,920060.BJ,万源通,0.8,16,10,6,4,0,20,20
3,801083.SI,元件,0.13476666437219764,10,8,20260904,920981.BJ,晶赛科技,0.8,16,9,7,4,0,20,20
3,801083.SI,元件,0.13476666437219764,10,8,20260904,002134.SZ,天津普林,0.75,15,9,6,5,0,20,20
3,801083.SI,元件,0.13476666437219764,10,8,20260904,002384.SZ,东山精密,0.75,15,8,7,5,0,20,20
3,801083.SI,元件,0.13476666437219764,10,8,20260904,002815.SZ,崇达技术,0.75,15,11,4,5,0,20,20
3,801083.SI,元件,0.13476666437219764,10,8,20260904,300319.SZ,麦捷科技,0.75,15,9,6,5,0,20,20
3,801083.SI,元件,0.13476666437219764,10,8,20260904,300852.SZ,四会富仕,0.75,15,10,5,5,0,20,20
3,801083.SI,元件,0.13476666437219764,10,8,20260904,301176.SZ,逸豪新材,0.75,15,8,7,5,0,20,20
3,801083.SI,元件,0.13476666437219764,10,8,20260904,600183.SH,生益科技,0.75,15,9,6,5,0,20,20
3,801083.SI,元件,0.13476666437219764,10,8,20260904,603186.SH,华正新材,0.75,15,10,5,5,0,20,20
3,801083.SI,元件,0.13476666437219764,10,8,20260904,603459.SH,红板科技,0.75,15,8,7,5,0,20,20
3,801083.SI,元件,0.13476666437219764,10,8,20260904,688519.SH,南亚新材,0.75,15,9,6,5,0,20,20
3,801083.SI,元件,0.13476666437219764,10,8,20260904,600237.SH,铜峰电子,0.7368421052631579,14,9,5,5,1,19,20
3,801083.SI,元件,0.13476666437219764,10,8,20260904,603936.SH,博敏电子,0.7368421052631579,14,7,7,5,1,19,20
3,801083.SI,元件,0.13476666437219764,10,8,20260904,002436.SZ,兴森科技,0.7,14,9,5,6,0,20,20
3,801083.SI,元件,0.13476666437219764,10,8,20260904,002484.SZ,江海股份,0.7,14,8,6,6,0,20,20
3,801083.SI,元件,0.13476666437219764,10,8,20260904,002938.SZ,鹏鼎控股,0.7,14,7,7,6,0,20,20
3,801083.SI,元件,0.13476666437219764,10,8,20260904,301041.SZ,金百泽,0.7,14,9,5,6,0,20,20
3,801083.SI,元件,0.13476666437219764,10,8,20260904,301282.SZ,金禄电子,0.7,14,7,7,6,0,20,20
3,801083.SI,元件,0.13476666437219764,10,8,20260904,301458.SZ,钧崴电子,0.7,14,8,6,6,0,20,20
3,801083.SI,元件,0.13476666437219764,10,8,20260904,603328.SH,依顿电子,0.7,14,7,7,6,0,20,20
3,801083.SI,元件,0.13476666437219764,10,8,20260904,603738.SH,泰晶科技,0.7,14,8,6,6,0,20,20
3,801083.SI,元件,0.13476666437219764,10,8,20260904,688020.SH,方邦股份,0.7,14,9,5,6,0,20,20
3,801083.SI,元件,0.13476666437219764,10,8,20260904,920821.BJ,则成电子,0.7,14,8,6,6,0,20,20
3,801083.SI,元件,0.13476666437219764,10,8,20260904,920128.BJ,胜业电气,0.6666666666666666,12,7,5,6,2,18,20
3,801083.SI,元件,0.13476666437219764,10,8,20260904,002141.SZ,贤丰控股,0.65,13,7,6,7,0,20,20
3,801083.SI,元件,0.13476666437219764,10,8,20260904,002199.SZ,东晶电子,0.65,13,9,4,7,0,20,20
3,801083.SI,元件,0.13476666437219764,10,8,20260904,300657.SZ,弘信电子,0.65,13,7,6,7,0,20,20
3,801083.SI,元件,0.13476666437219764,10,8,20260904,300814.SZ,中富电路,0.65,13,7,6,7,0,20,20
3,801083.SI,元件,0.13476666437219764,10,8,20260904,300903.SZ,科翔股份,0.65,13,9,4,7,0,20,20
3,801083.SI,元件,0.13476666437219764,10,8,20260904,300975.SZ,商络电子,0.65,13,8,5,7,0,20,20
3,801083.SI,元件,0.13476666437219764,10,8,20260904,301251.SZ,威尔高,0.65,13,10,3,7,0,20,20
3,801083.SI,元件,0.13476666437219764,10,8,20260904,600563.SH,法拉电子,0.65,13,7,6,7,0,20,20
3,801083.SI,元件,0.13476666437219764,10,8,20260904,688183.SH,生益电子,0.65,13,7,6,7,0,20,20
3,801083.SI,元件,0.13476666437219764,10,8,20260904,000636.SZ,风华高科,0.6,12,7,5,8,0,20,20
3,801083.SI,元件,0.13476666437219764,10,8,20260904,001232.SZ,嘉立创,0.6,12,7,5,8,0,20,20
3,801083.SI,元件,0.13476666437219764,10,8,20260904,002552.SZ,宝鼎科技,0.6,12,7,5,8,0,20,20
3,801083.SI,元件,0.13476666437219764,10,8,20260904,002579.SZ,中京电子,0.6,12,7,5,8,0,20,20
3,801083.SI,元件,0.13476666437219764,10,8,20260904,002913.SZ,奥士康,0.6,12,7,5,8,0,20,20
3,801083.SI,元件,0.13476666437219764,10,8,20260904,301566.SZ,达利凯普,0.6,12,7,5,8,0,20,20
3,801083.SI,元件,0.13476666437219764,10,8,20260904,603175.SH,超颖电子,0.6,12,7,5,8,0,20,20
3,801083.SI,元件,0.13476666437219764,10,8,20260904,603989.SH,艾华集团,0.6,12,7,5,8,0,20,20
3,801083.SI,元件,0.13476666437219764,10,8,20260904,688655.SH,迅捷兴,0.6,12,8,4,8,0,20,20
3,801083.SI,元件,0.13476666437219764,10,8,20260904,920161.BJ,龙辰科技,0.6,12,6,6,8,0,20,20
4,801743.SI,地面兵装Ⅱ,0.13361229893931936,19,12,20260824,000519.SZ,中兵红箭,0.95,19,11,8,1,0,20,20
4,801743.SI,地面兵装Ⅱ,0.13361229893931936,19,12,20260824,600435.SH,北方导航,0.95,19,11,8,1,0,20,20
4,801743.SI,地面兵装Ⅱ,0.13361229893931936,19,12,20260824,601606.SH,长城军工,0.95,19,12,7,1,0,20,20
4,801743.SI,地面兵装Ⅱ,0.13361229893931936,19,12,20260824,300875.SZ,捷强装备,0.9,18,11,7,2,0,20,20
4,801743.SI,地面兵装Ⅱ,0.13361229893931936,19,12,20260824,688543.SH,国科军工,0.9,18,11,7,2,0,20,20
4,801743.SI,地面兵装Ⅱ,0.13361229893931936,19,12,20260824,000576.SZ,甘化科工,0.85,17,11,6,3,0,20,20
4,801743.SI,地面兵装Ⅱ,0.13361229893931936,19,12,20260824,002519.SZ,银河电子,0.85,17,10,7,3,0,20,20
4,801743.SI,地面兵装Ⅱ,0.13361229893931936,19,12,20260824,301357.SZ,北方长龙,0.85,17,10,7,3,0,20,20
4,801743.SI,地面兵装Ⅱ,0.13361229893931936,19,12,20260824,300922.SZ,天秦装备,0.8,16,9,7,4,0,20,20
4,801743.SI,地面兵装Ⅱ,0.13361229893931936,19,12,20260824,600967.SH,内蒙一机,0.75,15,10,5,5,0,20,20
5,801767.SI,数字媒体,0.12942847426433812,19,12,20260824,000681.SZ,视觉中国,0.95,19,11,8,1,0,20,20
5,801767.SI,数字媒体,0.12942847426433812,19,12,20260824,603888.SH,新华网,0.9,18,12,6,2,0,20,20
5,801767.SI,数字媒体,0.12942847426433812,19,12,20260824,300987.SZ,川网传媒,0.85,17,10,7,3,0,20,20
5,801767.SI,数字媒体,0.12942847426433812,19,12,20260824,300785.SZ,值得买,0.8,16,9,7,4,0,20,20
5,801767.SI,数字媒体,0.12942847426433812,19,12,20260824,301313.SZ,凡拓数创,0.8,16,8,8,4,0,20,20
5,801767.SI,数字媒体,0.12942847426433812,19,12,20260824,603000.SH,人民网,0.8,16,10,6,4,0,20,20
5,801767.SI,数字媒体,0.12942847426433812,19,12,20260824,603533.SH,掌阅科技,0.8,16,8,8,4,0,20,20
5,801767.SI,数字媒体,0.12942847426433812,19,12,20260824,300413.SZ,芒果超媒,0.75,15,9,6,5,0,20,20
5,801767.SI,数字媒体,0.12942847426433812,19,12,20260824,600640.SH,国脉文化,0.75,15,8,7,5,0,20,20
5,801767.SI,数字媒体,0.12942847426433812,19,12,20260824,603466.SH,风语筑,0.75,15,10,5,5,0,20,20
5,801767.SI,数字媒体,0.12942847426433812,19,12,20260824,002095.SZ,生意宝,0.7368421052631579,14,8,6,5,1,19,20
5,801767.SI,数字媒体,0.12942847426433812,19,12,20260824,301299.SZ,卓创资讯,0.7,14,9,5,6,0,20,20
5,801767.SI,数字媒体,0.12942847426433812,19,12,20260824,600228.SH,返利科技,0.65,13,10,3,7,0,20,20
6,801102.SI,通信设备,0.1290459919195377,10,6,20260904,600487.SH,亨通光电,0.8947368421052632,17,7,10,2,1,19,20
6,801102.SI,通信设备,0.1290459919195377,10,6,20260904,600498.SH,烽火通信,0.8947368421052632,17,8,9,2,1,19,20
6,801102.SI,通信设备,0.1290459919195377,10,6,20260904,300502.SZ,新易盛,0.8421052631578947,16,7,9,3,1,19,20
6,801102.SI,通信设备,0.1290459919195377,10,6,20260904,300615.SZ,欣天科技,0.8421052631578947,16,7,9,3,1,19,20
6,801102.SI,通信设备,0.1290459919195377,10,6,20260904,301202.SZ,朗威股份,0.8421052631578947,16,7,9,3,1,19,20
6,801102.SI,通信设备,0.1290459919195377,10,6,20260904,600522.SH,中天科技,0.8421052631578947,16,7,9,3,1,19,20
6,801102.SI,通信设备,0.1290459919195377,10,6,20260904,300570.SZ,太辰光,0.8333333333333334,15,5,10,3,2,18,20
6,801102.SI,通信设备,0.1290459919195377,10,6,20260904,001267.SZ,汇绿生态,0.7894736842105263,15,5,10,4,1,19,20
6,801102.SI,通信设备,0.1290459919195377,10,6,20260904,002281.SZ,光迅科技,0.7894736842105263,15,7,8,4,1,19,20
6,801102.SI,通信设备,0.1290459919195377,10,6,20260904,002881.SZ,美格智能,0.7894736842105263,15,6,9,4,1,19,20
6,801102.SI,通信设备,0.1290459919195377,10,6,20260904,300565.SZ,科信技术,0.7894736842105263,15,7,8,4,1,19,20
6,801102.SI,通信设备,0.1290459919195377,10,6,20260904,301165.SZ,锐捷网络,0.7894736842105263,15,6,9,4,1,19,20
6,801102.SI,通信设备,0.1290459919195377,10,6,20260904,600345.SH,长江通信,0.7894736842105263,15,7,8,4,1,19,20
6,801102.SI,通信设备,0.1290459919195377,10,6,20260904,300504.SZ,天邑股份,0.7777777777777778,14,7,7,4,2,18,20
6,801102.SI,通信设备,0.1290459919195377,10,6,20260904,300620.SZ,光库科技,0.7777777777777778,14,6,8,4,2,18,20
6,801102.SI,通信设备,0.1290459919195377,10,6,20260904,002902.SZ,铭普光磁,0.7368421052631579,14,6,8,5,1,19,20
6,801102.SI,通信设备,0.1290459919195377,10,6,20260904,300308.SZ,中际旭创,0.7368421052631579,14,6,8,5,1,19,20
6,801102.SI,通信设备,0.1290459919195377,10,6,20260904,300414.SZ,中光防雷,0.7368421052631579,14,7,7,5,1,19,20
6,801102.SI,通信设备,0.1290459919195377,10,6,20260904,300548.SZ,长芯博创,0.7368421052631579,14,5,9,5,1,19,20
6,801102.SI,通信设备,0.1290459919195377,10,6,20260904,300563.SZ,神宇股份,0.7368421052631579,14,7,7,5,1,19,20
6,801102.SI,通信设备,0.1290459919195377,10,6,20260904,300689.SZ,澄天伟业,0.7368421052631579,14,7,7,5,1,19,20
6,801102.SI,通信设备,0.1290459919195377,10,6,20260904,301577.SZ,美信科技,0.7368421052631579,14,6,8,5,1,19,20
6,801102.SI,通信设备,0.1290459919195377,10,6,20260904,600105.SH,永鼎股份,0.7368421052631579,14,7,7,5,1,19,20
6,801102.SI,通信设备,0.1290459919195377,10,6,20260904,688080.SH,映翰通,0.7368421052631579,14,7,7,5,1,19,20
6,801102.SI,通信设备,0.1290459919195377,10,6,20260904,688313.SH,仕佳光子,0.7368421052631579,14,5,9,5,1,19,20
6,801102.SI,通信设备,0.1290459919195377,10,6,20260904,688418.SH,震有科技,0.7368421052631579,14,5,9,5,1,19,20
6,801102.SI,通信设备,0.1290459919195377,10,6,20260904,000063.SZ,中兴通讯,0.6842105263157895,13,5,8,6,1,19,20
6,801102.SI,通信设备,0.1290459919195377,10,6,20260904,000070.SZ,特发信息,0.6842105263157895,13,6,7,6,1,19,20
6,801102.SI,通信设备,0.1290459919195377,10,6,20260904,002313.SZ,日海智能,0.6842105263157895,13,4,9,6,1,19,20
6,801102.SI,通信设备,0.1290459919195377,10,6,20260904,002491.SZ,通鼎互联,0.6842105263157895,13,6,7,6,1,19,20
6,801102.SI,通信设备,0.1290459919195377,10,6,20260904,002792.SZ,通宇通讯,0.6842105263157895,13,5,8,6,1,19,20
6,801102.SI,通信设备,0.1290459919195377,10,6,20260904,002796.SZ,世嘉科技,0.6842105263157895,13,5,8,6,1,19,20
6,801102.SI,通信设备,0.1290459919195377,10,6,20260904,003031.SZ,中瓷电子,0.6842105263157895,13,5,8,6,1,19,20
6,801102.SI,通信设备,0.1290459919195377,10,6,20260904,300394.SZ,天孚通信,0.6842105263157895,13,5,8,6,1,19,20
6,801102.SI,通信设备,0.1290459919195377,10,6,20260904,300590.SZ,移为通信,0.6842105263157895,13,6,7,6,1,19,20
6,801102.SI,通信设备,0.1290459919195377,10,6,20260904,300638.SZ,广和通,0.6842105263157895,13,5,8,6,1,19,20
6,801102.SI,通信设备,0.1290459919195377,10,6,20260904,300698.SZ,万马科技,0.6842105263157895,13,6,7,6,1,19,20
6,801102.SI,通信设备,0.1290459919195377,10,6,20260904,300913.SZ,兆龙互连,0.6842105263157895,13,5,8,6,1,19,20
6,801102.SI,通信设备,0.1290459919195377,10,6,20260904,301191.SZ,菲菱科思,0.6842105263157895,13,5,8,6,1,19,20
6,801102.SI,通信设备,0.1290459919195377,10,6,20260904,301307.SZ,美利信,0.6842105263157895,13,6,7,6,1,19,20
6,801102.SI,通信设备,0.1290459919195377,10,6,20260904,600198.SH,大唐电信,0.6842105263157895,13,6,7,6,1,19,20
6,801102.SI,通信设备,0.1290459919195377,10,6,20260904,600776.SH,东方通信,0.6842105263157895,13,6,7,6,1,19,20
6,801102.SI,通信设备,0.1290459919195377,10,6,20260904,603042.SH,华脉科技,0.6842105263157895,13,6,7,6,1,19,20
6,801102.SI,通信设备,0.1290459919195377,10,6,20260904,603118.SH,共进股份,0.6842105263157895,13,5,8,6,1,19,20
6,801102.SI,通信设备,0.1290459919195377,10,6,20260904,603803.SH,瑞斯康达,0.6842105263157895,13,6,7,6,1,19,20
6,801102.SI,通信设备,0.1290459919195377,10,6,20260904,688143.SH,长盈通,0.6842105263157895,13,7,6,6,1,19,20
6,801102.SI,通信设备,0.1290459919195377,10,6,20260904,688182.SH,灿勤科技,0.6842105263157895,13,6,7,6,1,19,20
6,801102.SI,通信设备,0.1290459919195377,10,6,20260904,688205.SH,德科立,0.6842105263157895,13,6,7,6,1,19,20
6,801102.SI,通信设备,0.1290459919195377,10,6,20260904,688635.SH,长进光子,0.6842105263157895,13,5,8,6,1,19,20
6,801102.SI,通信设备,0.1290459919195377,10,6,20260904,920249.BJ,利尔达,0.6842105263157895,13,6,7,6,1,19,20
6,801102.SI,通信设备,0.1290459919195377,10,6,20260904,920640.BJ,富士达,0.6842105263157895,13,6,7,6,1,19,20
6,801102.SI,通信设备,0.1290459919195377,10,6,20260904,002296.SZ,辉煌科技,0.6666666666666666,12,5,7,6,2,18,20
6,801102.SI,通信设备,0.1290459919195377,10,6,20260904,300134.SZ,大富科技,0.6666666666666666,12,6,6,6,2,18,20
6,801102.SI,通信设备,0.1290459919195377,10,6,20260904,301205.SZ,联特科技,0.6666666666666666,12,5,7,6,2,18,20
6,801102.SI,通信设备,0.1290459919195377,10,6,20260904,000586.SZ,汇源通信,0.631578947368421,12,5,7,7,1,19,20
6,801102.SI,通信设备,0.1290459919195377,10,6,20260904,002583.SZ,海能达,0.631578947368421,12,5,7,7,1,19,20
6,801102.SI,通信设备,0.1290459919195377,10,6,20260904,300183.SZ,东软载波,0.631578947368421,12,5,7,7,1,19,20
6,801102.SI,通信设备,0.1290459919195377,10,6,20260904,300353.SZ,东土科技,0.631578947368421,12,4,8,7,1,19,20
6,801102.SI,通信设备,0.1290459919195377,10,6,20260904,300710.SZ,万隆光电,0.631578947368421,12,4,8,7,1,19,20
6,801102.SI,通信设备,0.1290459919195377,10,6,20260904,301314.SZ,科瑞思,0.631578947368421,12,5,7,7,1,19,20
6,801102.SI,通信设备,0.1290459919195377,10,6,20260904,603236.SH,移远通信,0.631578947368421,12,5,7,7,1,19,20
6,801102.SI,通信设备,0.1290459919195377,10,6,20260904,688027.SH,国盾量子,0.631578947368421,12,3,9,7,1,19,20
6,801102.SI,通信设备,0.1290459919195377,10,6,20260904,688283.SH,坤恒顺维,0.631578947368421,12,5,7,7,1,19,20
6,801102.SI,通信设备,0.1290459919195377,10,6,20260904,688387.SH,信科移动,0.631578947368421,12,4,8,7,1,19,20
6,801102.SI,通信设备,0.1290459919195377,10,6,20260904,688668.SH,鼎通科技,0.631578947368421,12,5,7,7,1,19,20
6,801102.SI,通信设备,0.1290459919195377,10,6,20260904,600775.SH,南京熊猫,0.6111111111111112,11,5,6,7,2,18,20
6,801102.SI,通信设备,0.1290459919195377,10,6,20260904,688618.SH,三旺通信,0.6111111111111112,11,4,7,7,2,18,20
7,801994.SI,教育,0.12756239117817758,19,15,20260824,300050.SZ,世纪鼎利,0.85,17,12,5,3,0,20,20
7,801994.SI,教育,0.12756239117817758,19,15,20260824,002659.SZ,凯文教育,0.7777777777777778,14,10,4,4,2,18,20
7,801994.SI,教育,0.12756239117817758,19,15,20260824,600880.SH,博瑞传播,0.75,15,13,2,5,0,20,20
7,801994.SI,教育,0.12756239117817758,19,15,20260824,002607.SZ,中公教育,0.7368421052631579,14,9,5,5,1,19,20
7,801994.SI,教育,0.12756239117817758,19,15,20260824,000526.SZ,学大教育,0.7,14,9,5,6,0,20,20
7,801994.SI,教育,0.12756239117817758,19,15,20260824,300359.SZ,全通教育,0.7,14,9,5,6,0,20,20
7,801994.SI,教育,0.12756239117817758,19,15,20260824,600661.SH,昂立教育,0.7,14,9,5,6,0,20,20
7,801994.SI,教育,0.12756239117817758,19,15,20260824,002093.SZ,国脉科技,0.631578947368421,12,10,2,7,1,19,20
7,801994.SI,教育,0.12756239117817758,19,15,20260824,003032.SZ,传智教育,0.631578947368421,12,7,5,7,1,19,20
7,801994.SI,教育,0.12756239117817758,19,15,20260824,300688.SZ,创业黑马,0.6,12,10,2,8,0,20,20
8,801183.SI,房地产服务,0.12145241501464676,19,12,20260824,000560.SZ,我爱我家,0.9473684210526315,18,10,8,1,1,19,20
8,801183.SI,房地产服务,0.12145241501464676,19,12,20260824,002285.SZ,世联行,0.8947368421052632,17,9,8,2,1,19,20
8,801183.SI,房地产服务,0.12145241501464676,19,12,20260824,600684.SH,珠江股份,0.8888888888888888,16,9,7,2,2,18,20
8,801183.SI,房地产服务,0.12145241501464676,19,12,20260824,300917.SZ,特发服务,0.85,17,9,8,3,0,20,20
8,801183.SI,房地产服务,0.12145241501464676,19,12,20260824,600743.SH,华远控股,0.8333333333333334,15,8,7,3,2,18,20
8,801183.SI,房地产服务,0.12145241501464676,19,12,20260824,002968.SZ,新大正,0.8,16,10,6,4,0,20,20
8,801183.SI,房地产服务,0.12145241501464676,19,12,20260824,600724.SH,宁波富达,0.8,16,9,7,4,0,20,20
8,801183.SI,房地产服务,0.12145241501464676,19,12,20260824,603506.SH,南都物业,0.8,16,9,7,4,0,20,20
8,801183.SI,房地产服务,0.12145241501464676,19,12,20260824,001914.SZ,招商积余,0.7894736842105263,15,9,6,4,1,19,20
8,801183.SI,房地产服务,0.12145241501464676,19,12,20260824,002188.SZ,中天服务,0.75,15,8,7,5,0,20,20
9,801086.SI,电子化学品Ⅱ,0.11570570906649147,10,5,20260904,300576.SZ,容大感光,0.95,19,7,12,1,0,20,20
9,801086.SI,电子化学品Ⅱ,0.11570570906649147,10,5,20260904,301319.SZ,唯特偶,0.95,19,7,12,1,0,20,20
9,801086.SI,电子化学品Ⅱ,0.11570570906649147,10,5,20260904,300481.SZ,濮阳惠成,0.9,18,7,11,2,0,20,20
9,801086.SI,电子化学品Ⅱ,0.11570570906649147,10,5,20260904,603931.SH,格林达,0.9,18,7,11,2,0,20,20
9,801086.SI,电子化学品Ⅱ,0.11570570906649147,10,5,20260904,688268.SH,华特气体,0.9,18,7,11,2,0,20,20
9,801086.SI,电子化学品Ⅱ,0.11570570906649147,10,5,20260904,688549.SH,中巨芯,0.9,18,7,11,2,0,20,20
9,801086.SI,电子化学品Ⅱ,0.11570570906649147,10,5,20260904,002741.SZ,光华科技,0.85,17,7,10,3,0,20,20
9,801086.SI,电子化学品Ⅱ,0.11570570906649147,10,5,20260904,300285.SZ,国瓷材料,0.85,17,8,9,3,0,20,20
9,801086.SI,电子化学品Ⅱ,0.11570570906649147,10,5,20260904,300346.SZ,南大光电,0.85,17,7,10,3,0,20,20
9,801086.SI,电子化学品Ⅱ,0.11570570906649147,10,5,20260904,300537.SZ,广信材料,0.85,17,7,10,3,0,20,20
9,801086.SI,电子化学品Ⅱ,0.11570570906649147,10,5,20260904,301489.SZ,思泉新材,0.85,17,7,10,3,0,20,20
9,801086.SI,电子化学品Ⅱ,0.11570570906649147,10,5,20260904,603078.SH,江化微,0.85,17,6,11,3,0,20,20
9,801086.SI,电子化学品Ⅱ,0.11570570906649147,10,5,20260904,688106.SH,金宏气体,0.85,17,7,10,3,0,20,20
9,801086.SI,电子化学品Ⅱ,0.11570570906649147,10,5,20260904,688150.SH,莱特光电,0.85,17,7,10,3,0,20,20
9,801086.SI,电子化学品Ⅱ,0.11570570906649147,10,5,20260904,688359.SH,三孚新科,0.85,17,8,9,3,0,20,20
9,801086.SI,电子化学品Ⅱ,0.11570570906649147,10,5,20260904,688371.SH,菲沃泰,0.85,17,7,10,3,0,20,20
9,801086.SI,电子化学品Ⅱ,0.11570570906649147,10,5,20260904,688603.SH,天承科技,0.85,17,8,9,3,0,20,20
9,801086.SI,电子化学品Ⅱ,0.11570570906649147,10,5,20260904,300054.SZ,鼎龙股份,0.8421052631578947,16,7,9,3,1,19,20
9,801086.SI,电子化学品Ⅱ,0.11570570906649147,10,5,20260904,300236.SZ,上海新阳,0.8,16,7,9,4,0,20,20
9,801086.SI,电子化学品Ⅱ,0.11570570906649147,10,5,20260904,300398.SZ,飞凯材料,0.8,16,7,9,4,0,20,20
9,801086.SI,电子化学品Ⅱ,0.11570570906649147,10,5,20260904,688548.SH,广钢气体,0.8,16,6,10,4,0,20,20
9,801086.SI,电子化学品Ⅱ,0.11570570906649147,10,5,20260904,688550.SH,瑞联新材,0.8,16,7,9,4,0,20,20
9,801086.SI,电子化学品Ⅱ,0.11570570906649147,10,5,20260904,688683.SH,莱尔科技,0.8,16,7,9,4,0,20,20
9,801086.SI,电子化学品Ⅱ,0.11570570906649147,10,5,20260904,688545.SH,兴福电子,0.7894736842105263,15,6,9,4,1,19,20
9,801086.SI,电子化学品Ⅱ,0.11570570906649147,10,5,20260904,002643.SZ,万润股份,0.75,15,7,8,5,0,20,20
9,801086.SI,电子化学品Ⅱ,0.11570570906649147,10,5,20260904,300655.SZ,晶瑞电材,0.75,15,7,8,5,0,20,20
9,801086.SI,电子化学品Ⅱ,0.11570570906649147,10,5,20260904,301630.SZ,同宇新材,0.75,15,6,9,5,0,20,20
9,801086.SI,电子化学品Ⅱ,0.11570570906649147,10,5,20260904,600330.SH,天通股份,0.75,15,5,10,5,0,20,20
9,801086.SI,电子化学品Ⅱ,0.11570570906649147,10,5,20260904,688035.SH,德邦科技,0.75,15,7,8,5,0,20,20
9,801086.SI,电子化学品Ⅱ,0.11570570906649147,10,5,20260904,920526.BJ,凯华材料,0.75,15,6,9,5,0,20,20
9,801086.SI,电子化学品Ⅱ,0.11570570906649147,10,5,20260904,300429.SZ,强力新材,0.7368421052631579,14,7,7,5,1,19,20
9,801086.SI,电子化学品Ⅱ,0.11570570906649147,10,5,20260904,688019.SH,安集科技,0.65,13,5,8,7,0,20,20
9,801086.SI,电子化学品Ⅱ,0.11570570906649147,10,5,20260904,603002.SH,宏昌电子,0.631578947368421,12,4,8,7,1,19,20
9,801086.SI,电子化学品Ⅱ,0.11570570906649147,10,5,20260904,300684.SZ,中石科技,0.6,12,7,5,8,0,20,20
10,801039.SI,非金属材料Ⅱ,0.11085015351258298,19,10,20260824,001296.SZ,长江材料,0.8421052631578947,16,8,8,3,1,19,20
10,801039.SI,非金属材料Ⅱ,0.11085015351258298,19,10,20260824,603688.SH,石英股份,0.8421052631578947,16,8,8,3,1,19,20
10,801039.SI,非金属材料Ⅱ,0.11085015351258298,19,10,20260824,603826.SH,坤彩科技,0.8421052631578947,16,8,8,3,1,19,20
10,801039.SI,非金属材料Ⅱ,0.11085015351258298,19,10,20260824,688300.SH,联瑞新材,0.8421052631578947,16,9,7,3,1,19,20
10,801039.SI,非金属材料Ⅱ,0.11085015351258298,19,10,20260824,605086.SH,龙高股份,0.7894736842105263,15,7,8,4,1,19,20
10,801039.SI,非金属材料Ⅱ,0.11085015351258298,19,10,20260824,301071.SZ,力量钻石,0.7368421052631579,14,8,6,5,1,19,20
10,801039.SI,非金属材料Ⅱ,0.11085015351258298,19,10,20260824,688598.SH,金博股份,0.7368421052631579,14,6,8,5,1,19,20
10,801039.SI,非金属材料Ⅱ,0.11085015351258298,19,10,20260824,920083.BJ,金戈新材,0.7368421052631579,14,8,6,5,1,19,20
10,801039.SI,非金属材料Ⅱ,0.11085015351258298,19,10,20260824,920675.BJ,秉扬科技,0.7368421052631579,14,8,6,5,1,19,20
10,801039.SI,非金属材料Ⅱ,0.11085015351258298,19,10,20260824,920971.BJ,天马新材,0.7368421052631579,14,7,7,5,1,19,20
10,801039.SI,非金属材料Ⅱ,0.11085015351258298,19,10,20260824,603612.SH,索通发展,0.6666666666666666,12,6,6,6,2,18,20
10,801039.SI,非金属材料Ⅱ,0.11085015351258298,19,10,20260824,920832.BJ,齐鲁华信,0.6666666666666666,12,5,7,6,2,18,20
11,801037.SI,橡胶,0.10299079291390889,10,7,20260904,603650.SH,彤程新材,0.9,18,9,9,2,0,20,20
11,801037.SI,橡胶,0.10299079291390889,10,7,20260904,002442.SZ,龙星科技,0.8,16,9,7,4,0,20,20
11,801037.SI,橡胶,0.10299079291390889,10,7,20260904,300767.SZ,震安科技,0.8,16,8,8,4,0,20,20
11,801037.SI,橡胶,0.10299079291390889,10,7,20260904,603033.SH,三维股份,0.8,16,8,8,4,0,20,20
11,801037.SI,橡胶,0.10299079291390889,10,7,20260904,301459.SZ,丰茂股份,0.75,15,9,6,5,0,20,20
11,801037.SI,橡胶,0.10299079291390889,10,7,20260904,300587.SZ,天铁科技,0.7368421052631579,14,6,8,5,1,19,20
11,801037.SI,橡胶,0.10299079291390889,10,7,20260904,002753.SZ,永东股份,0.7,14,7,7,6,0,20,20
11,801037.SI,橡胶,0.10299079291390889,10,7,20260904,300121.SZ,阳谷华泰,0.7,14,7,7,6,0,20,20
11,801037.SI,橡胶,0.10299079291390889,10,7,20260904,300320.SZ,海达股份,0.6842105263157895,13,5,8,6,1,19,20
11,801037.SI,橡胶,0.10299079291390889,10,7,20260904,920098.BJ,科隆新材,0.6842105263157895,13,6,7,6,1,19,20
11,801037.SI,橡胶,0.10299079291390889,10,7,20260904,920834.BJ,三维装备,0.6666666666666666,12,5,7,6,2,18,20
11,801037.SI,橡胶,0.10299079291390889,10,7,20260904,001207.SZ,联科科技,0.65,13,8,5,7,0,20,20
11,801037.SI,橡胶,0.10299079291390889,10,7,20260904,300731.SZ,科创新源,0.65,13,7,6,7,0,20,20
11,801037.SI,橡胶,0.10299079291390889,10,7,20260904,301300.SZ,远翔新材,0.65,13,6,7,7,0,20,20
11,801037.SI,橡胶,0.10299079291390889,10,7,20260904,920188.BJ,悦龙科技,0.65,13,7,6,7,0,20,20
11,801037.SI,橡胶,0.10299079291390889,10,7,20260904,002068.SZ,黑猫股份,0.631578947368421,12,8,4,7,1,19,20
11,801037.SI,橡胶,0.10299079291390889,10,7,20260904,002381.SZ,双箭股份,0.631578947368421,12,6,6,7,1,19,20
11,801037.SI,橡胶,0.10299079291390889,10,7,20260904,001325.SZ,元创股份,0.6,12,6,6,8,0,20,20
12,801206.SI,互联网电商,0.10211126602580922,19,12,20260824,603613.SH,国联股份,0.95,19,11,8,1,0,20,20
12,801206.SI,互联网电商,0.10211126602580922,19,12,20260824,301110.SZ,青木科技,0.8947368421052632,17,10,7,2,1,19,20
12,801206.SI,互联网电商,0.10211126602580922,19,12,20260824,002315.SZ,焦点科技,0.85,17,9,8,3,0,20,20
12,801206.SI,互联网电商,0.10211126602580922,19,12,20260824,002803.SZ,吉宏股份,0.85,17,10,7,3,0,20,20
12,801206.SI,互联网电商,0.10211126602580922,19,12,20260824,300792.SZ,壹网壹创,0.85,17,10,7,3,0,20,20
12,801206.SI,互联网电商,0.10211126602580922,19,12,20260824,301001.SZ,凯淳股份,0.85,17,10,7,3,0,20,20
12,801206.SI,互联网电商,0.10211126602580922,19,12,20260824,605136.SH,丽人丽妆,0.8333333333333334,15,9,6,3,2,18,20
12,801206.SI,互联网电商,0.10211126602580922,19,12,20260824,002127.SZ,南极电商,0.8,16,9,7,4,0,20,20
12,801206.SI,互联网电商,0.10211126602580922,19,12,20260824,920065.BJ,千岸科技,0.8,16,9,7,4,0,20,20
12,801206.SI,互联网电商,0.10211126602580922,19,12,20260824,301558.SZ,三态股份,0.7894736842105263,15,8,7,4,1,19,20
12,801206.SI,互联网电商,0.10211126602580922,19,12,20260824,002640.SZ,跨境通,0.7368421052631579,14,8,6,5,1,19,20
12,801206.SI,互联网电商,0.10211126602580922,19,12,20260824,003010.SZ,若羽臣,0.65,13,7,6,7,0,20,20
12,801206.SI,互联网电商,0.10211126602580922,19,12,20260824,600539.SH,狮头股份,0.65,13,6,7,7,0,20,20
12,801206.SI,互联网电商,0.10211126602580922,19,12,20260824,300518.SZ,新迅达,0.631578947368421,12,7,5,7,1,19,20
12,801206.SI,互联网电商,0.10211126602580922,19,12,20260824,300592.SZ,华凯易佰,0.6,12,9,3,8,0,20,20
13,801766.SI,影视院线,0.0921742144648574,19,11,20260824,002905.SZ,金逸影视,0.95,19,11,8,1,0,20,20
13,801766.SI,影视院线,0.0921742144648574,19,11,20260824,000802.SZ,北京文化,0.9473684210526315,18,9,9,1,1,19,20
13,801766.SI,影视院线,0.0921742144648574,19,11,20260824,002292.SZ,奥飞娱乐,0.9473684210526315,18,10,8,1,1,19,20
13,801766.SI,影视院线,0.0921742144648574,19,11,20260824,002343.SZ,慈文传媒,0.9473684210526315,18,9,9,1,1,19,20
13,801766.SI,影视院线,0.0921742144648574,19,11,20260824,300426.SZ,华智数媒,0.9473684210526315,18,10,8,1,1,19,20
13,801766.SI,影视院线,0.0921742144648574,19,11,20260824,600977.SH,中国电影,0.9,18,10,8,2,0,20,20
13,801766.SI,影视院线,0.0921742144648574,19,11,20260824,603103.SH,横店影视,0.9,18,11,7,2,0,20,20
13,801766.SI,影视院线,0.0921742144648574,19,11,20260824,601595.SH,上海电影,0.8947368421052632,17,9,8,2,1,19,20
13,801766.SI,影视院线,0.0921742144648574,19,11,20260824,300182.SZ,捷成股份,0.8888888888888888,16,8,8,2,2,18,20
13,801766.SI,影视院线,0.0921742144648574,19,11,20260824,000892.SZ,欢瑞世纪,0.85,17,9,8,3,0,20,20
13,801766.SI,影视院线,0.0921742144648574,19,11,20260824,300133.SZ,华策影视,0.85,17,9,8,3,0,20,20
13,801766.SI,影视院线,0.0921742144648574,19,11,20260824,300291.SZ,百纳千成,0.85,17,10,7,3,0,20,20
13,801766.SI,影视院线,0.0921742144648574,19,11,20260824,300528.SZ,幸福蓝海,0.85,17,10,7,3,0,20,20
13,801766.SI,影视院线,0.0921742144648574,19,11,20260824,300251.SZ,光线传媒,0.8,16,9,7,4,0,20,20
13,801766.SI,影视院线,0.0921742144648574,19,11,20260824,002739.SZ,儒意电影,0.7368421052631579,14,8,6,5,1,19,20
13,801766.SI,影视院线,0.0921742144648574,19,11,20260824,600088.SH,中视传媒,0.7368421052631579,14,8,6,5,1,19,20
13,801766.SI,影视院线,0.0921742144648574,19,11,20260824,001330.SZ,博纳影业,0.7,14,8,6,6,0,20,20
13,801766.SI,影视院线,0.0921742144648574,19,11,20260824,603721.SH,中广天择,0.6,12,6,6,8,0,20,20
14,801016.SI,种植业,0.08606100631526803,19,12,20260824,600108.SH,亚盛集团,0.95,19,12,7,1,0,20,20
14,801016.SI,种植业,0.08606100631526803,19,12,20260824,600313.SH,农发种业,0.95,19,12,7,1,0,20,20
14,801016.SI,种植业,0.08606100631526803,19,12,20260824,601118.SH,海南橡胶,0.9,18,11,7,2,0,20,20
14,801016.SI,种植业,0.08606100631526803,19,12,20260824,000713.SZ,国投丰乐,0.85,17,11,6,3,0,20,20
14,801016.SI,种植业,0.08606100631526803,19,12,20260824,002215.SZ,诺普信,0.85,17,10,7,3,0,20,20
14,801016.SI,种植业,0.08606100631526803,19,12,20260824,300189.SZ,神农种业,0.85,17,10,7,3,0,20,20
14,801016.SI,种植业,0.08606100631526803,19,12,20260824,601952.SH,苏垦农发,0.8421052631578947,16,11,5,3,1,19,20
14,801016.SI,种植业,0.08606100631526803,19,12,20260824,000998.SZ,隆平高科,0.8,16,9,7,4,0,20,20
14,801016.SI,种植业,0.08606100631526803,19,12,20260824,002041.SZ,登海种业,0.8,16,9,7,4,0,20,20
14,801016.SI,种植业,0.08606100631526803,19,12,20260824,002772.SZ,众兴菌业,0.8,16,10,6,4,0,20,20
14,801016.SI,种植业,0.08606100631526803,19,12,20260824,300970.SZ,华绿生物,0.75,15,9,6,5,0,20,20
14,801016.SI,种植业,0.08606100631526803,19,12,20260824,600371.SH,万向德农,0.75,15,11,4,5,0,20,20
14,801016.SI,种植业,0.08606100631526803,19,12,20260824,600540.SH,新赛股份,0.75,15,11,4,5,0,20,20
14,801016.SI,种植业,0.08606100631526803,19,12,20260824,600598.SH,北大荒,0.75,15,9,6,5,0,20,20
14,801016.SI,种植业,0.08606100631526803,19,12,20260824,600883.SH,博闻科技,0.75,15,10,5,5,0,20,20
14,801016.SI,种植业,0.08606100631526803,19,12,20260824,920087.BJ,秋乐种业,0.75,15,9,6,5,0,20,20
14,801016.SI,种植业,0.08606100631526803,19,12,20260824,920403.BJ,康农种业,0.75,15,9,6,5,0,20,20
14,801016.SI,种植业,0.08606100631526803,19,12,20260824,300511.SZ,雪榕生物,0.7368421052631579,14,8,6,5,1,19,20
14,801016.SI,种植业,0.08606100631526803,19,12,20260824,600354.SH,敦煌种业,0.7,14,10,4,6,0,20,20
14,801016.SI,种植业,0.08606100631526803,19,12,20260824,600359.SH,新农开发,0.65,13,9,4,7,0,20,20
15,801084.SI,光学光电子,0.07594302689756804,5,4,20260911,688079.SH,美迪凯,1.0,20,9,11,0,0,20,20
15,801084.SI,光学光电子,0.07594302689756804,5,4,20260911,688322.SH,奥比中光-W,1.0,20,9,11,0,0,20,20
15,801084.SI,光学光电子,0.07594302689756804,5,4,20260911,003015.SZ,日久光电,0.9,18,8,10,2,0,20,20
15,801084.SI,光学光电子,0.07594302689756804,5,4,20260911,300489.SZ,光智科技,0.9,18,8,10,2,0,20,20
15,801084.SI,光学光电子,0.07594302689756804,5,4,20260911,300632.SZ,光莆股份,0.9,18,8,10,2,0,20,20
15,801084.SI,光学光电子,0.07594302689756804,5,4,20260911,600552.SH,凯盛科技,0.9,18,8,10,2,0,20,20
15,801084.SI,光学光电子,0.07594302689756804,5,4,20260911,600703.SH,三安光电,0.9,18,7,11,2,0,20,20
15,801084.SI,光学光电子,0.07594302689756804,5,4,20260911,603297.SH,永新光学,0.9,18,8,10,2,0,20,20
15,801084.SI,光学光电子,0.07594302689756804,5,4,20260911,688127.SH,蓝特光学,0.9,18,8,10,2,0,20,20
15,801084.SI,光学光电子,0.07594302689756804,5,4,20260911,688307.SH,中润光学,0.9,18,8,10,2,0,20,20
15,801084.SI,光学光电子,0.07594302689756804,5,4,20260911,688502.SH,茂莱光学,0.8947368421052632,17,7,10,2,1,19,20
15,801084.SI,光学光电子,0.07594302689756804,5,4,20260911,300241.SZ,瑞丰光电,0.8888888888888888,16,8,8,2,2,18,20
15,801084.SI,光学光电子,0.07594302689756804,5,4,20260911,688181.SH,八亿时空,0.8888888888888888,16,7,9,2,2,18,20
15,801084.SI,光学光电子,0.07594302689756804,5,4,20260911,000725.SZ,京东方A,0.85,17,6,11,3,0,20,20
15,801084.SI,光学光电子,0.07594302689756804,5,4,20260911,002137.SZ,实益达,0.85,17,8,9,3,0,20,20
15,801084.SI,光学光电子,0.07594302689756804,5,4,20260911,002289.SZ,宇顺电子,0.85,17,8,9,3,0,20,20
15,801084.SI,光学光电子,0.07594302689756804,5,4,20260911,300088.SZ,长信科技,0.85,17,7,10,3,0,20,20
15,801084.SI,光学光电子,0.07594302689756804,5,4,20260911,300323.SZ,华灿光电,0.85,17,8,9,3,0,20,20
15,801084.SI,光学光电子,0.07594302689756804,5,4,20260911,300331.SZ,苏大维格,0.85,17,7,10,3,0,20,20
15,801084.SI,光学光电子,0.07594302689756804,5,4,20260911,300566.SZ,激智科技,0.85,17,7,10,3,0,20,20
15,801084.SI,光学光电子,0.07594302689756804,5,4,20260911,300701.SZ,森霸传感,0.85,17,8,9,3,0,20,20
15,801084.SI,光学光电子,0.07594302689756804,5,4,20260911,301106.SZ,骏成科技,0.85,17,7,10,3,0,20,20
15,801084.SI,光学光电子,0.07594302689756804,5,4,20260911,301421.SZ,波长光电,0.85,17,7,10,3,0,20,20
15,801084.SI,光学光电子,0.07594302689756804,5,4,20260911,688010.SH,福光股份,0.85,17,7,10,3,0,20,20
15,801084.SI,光学光电子,0.07594302689756804,5,4,20260911,000100.SZ,TCL科技,0.8421052631578947,16,7,9,3,1,19,20
15,801084.SI,光学光电子,0.07594302689756804,5,4,20260911,300219.SZ,鸿利智汇,0.8421052631578947,16,6,10,3,1,19,20
15,801084.SI,光学光电子,0.07594302689756804,5,4,20260911,301379.SZ,天山电子,0.8421052631578947,16,7,9,3,1,19,20
15,801084.SI,光学光电子,0.07594302689756804,5,4,20260911,600707.SH,彩虹股份,0.8421052631578947,16,7,9,3,1,19,20
15,801084.SI,光学光电子,0.07594302689756804,5,4,20260911,001308.SZ,康冠科技,0.8,16,8,8,4,0,20,20
15,801084.SI,光学光电子,0.07594302689756804,5,4,20260911,002036.SZ,联创电子,0.8,16,6,10,4,0,20,20
15,801084.SI,光学光电子,0.07594302689756804,5,4,20260911,002106.SZ,莱宝高科,0.8,16,9,7,4,0,20,20
15,801084.SI,光学光电子,0.07594302689756804,5,4,20260911,002845.SZ,同兴达,0.8,16,7,9,4,0,20,20
15,801084.SI,光学光电子,0.07594302689756804,5,4,20260911,002955.SZ,鸿合科技,0.8,16,8,8,4,0,20,20
15,801084.SI,光学光电子,0.07594302689756804,5,4,20260911,002992.SZ,宝明科技,0.8,16,6,10,4,0,20,20
15,801084.SI,光学光电子,0.07594302689756804,5,4,20260911,300120.SZ,经纬辉开,0.8,16,7,9,4,0,20,20
15,801084.SI,光学光电子,0.07594302689756804,5,4,20260911,300889.SZ,爱克股份,0.8,16,7,9,4,0,20,20
15,801084.SI,光学光电子,0.07594302689756804,5,4,20260911,603773.SH,沃格光电,0.8,16,7,9,4,0,20,20
15,801084.SI,光学光电子,0.07594302689756804,5,4,20260911,605218.SH,伟时电子,0.8,16,7,9,4,0,20,20
15,801084.SI,光学光电子,0.07594302689756804,5,4,20260911,605588.SH,冠石科技,0.8,16,6,10,4,0,20,20
15,801084.SI,光学光电子,0.07594302689756804,5,4,20260911,920438.BJ,戈碧迦,0.8,16,8,8,4,0,20,20
15,801084.SI,光学光电子,0.07594302689756804,5,4,20260911,300102.SZ,乾照光电,0.7894736842105263,15,7,8,4,1,19,20
15,801084.SI,光学光电子,0.07594302689756804,5,4,20260911,300162.SZ,雷曼光电,0.7894736842105263,15,7,8,4,1,19,20
15,801084.SI,光学光电子,0.07594302689756804,5,4,20260911,300389.SZ,艾比森,0.7894736842105263,15,7,8,4,1,19,20
15,801084.SI,光学光电子,0.07594302689756804,5,4,20260911,001399.SZ,惠科股份,0.75,15,6,9,5,0,20,20
15,801084.SI,光学光电子,0.07594302689756804,5,4,20260911,002273.SZ,水晶光电,0.75,15,6,9,5,0,20,20
15,801084.SI,光学光电子,0.07594302689756804,5,4,20260911,002456.SZ,欧菲光,0.75,15,7,8,5,0,20,20
15,801084.SI,光学光电子,0.07594302689756804,5,4,20260911,002745.SZ,木林森,0.75,15,6,9,5,0,20,20
15,801084.SI,光学光电子,0.07594302689756804,5,4,20260911,002876.SZ,三利谱,0.75,15,7,8,5,0,20,20
15,801084.SI,光学光电子,0.07594302689756804,5,4,20260911,002962.SZ,五方光电,0.75,15,7,8,5,0,20,20
15,801084.SI,光学光电子,0.07594302689756804,5,4,20260911,300939.SZ,秋田微,0.75,15,8,7,5,0,20,20
15,801084.SI,光学光电子,0.07594302689756804,5,4,20260911,301045.SZ,天禄科技,0.75,15,7,8,5,0,20,20
15,801084.SI,光学光电子,0.07594302689756804,5,4,20260911,301479.SZ,弘景光电,0.75,15,7,8,5,0,20,20
15,801084.SI,光学光电子,0.07594302689756804,5,4,20260911,688781.SH,视涯科技-UW,0.75,15,7,8,5,0,20,20
15,801084.SI,光学光电子,0.07594302689756804,5,4,20260911,002449.SZ,国星光电,0.7368421052631579,14,7,7,5,1,19,20
15,801084.SI,光学光电子,0.07594302689756804,5,4,20260911,002587.SZ,奥拓电子,0.7368421052631579,14,7,7,5,1,19,20
15,801084.SI,光学光电子,0.07594302689756804,5,4,20260911,000050.SZ,深天马A,0.7222222222222222,13,8,5,5,2,18,20
15,801084.SI,光学光电子,0.07594302689756804,5,4,20260911,688055.SH,龙腾光电,0.7222222222222222,13,6,7,5,2,18,20
15,801084.SI,光学光电子,0.07594302689756804,5,4,20260911,300296.SZ,利亚德,0.7058823529411765,12,5,7,5,3,17,20
15,801084.SI,光学光电子,0.07594302689756804,5,4,20260911,001373.SZ,翔腾新材,0.7,14,7,7,6,0,20,20
15,801084.SI,光学光电子,0.07594302689756804,5,4,20260911,002222.SZ,福晶科技,0.7,14,7,7,6,0,20,20
15,801084.SI,光学光电子,0.07594302689756804,5,4,20260911,002983.SZ,芯瑞达,0.7,14,7,7,6,0,20,20
15,801084.SI,光学光电子,0.07594302689756804,5,4,20260911,300303.SZ,聚飞光电,0.7,14,6,8,6,0,20,20
15,801084.SI,光学光电子,0.07594302689756804,5,4,20260911,300545.SZ,联得装备,0.7,14,5,9,6,0,20,20
15,801084.SI,光学光电子,0.07594302689756804,5,4,20260911,300582.SZ,英飞特,0.7,14,5,9,6,0,20,20
15,801084.SI,光学光电子,0.07594302689756804,5,4,20260911,300752.SZ,隆利科技,0.7,14,7,7,6,0,20,20
15,801084.SI,光学光电子,0.07594302689756804,5,4,20260911,300909.SZ,汇创达,0.7,14,7,7,6,0,20,20
15,801084.SI,光学光电子,0.07594302689756804,5,4,20260911,300940.SZ,南极光,0.7,14,7,7,6,0,20,20
15,801084.SI,光学光电子,0.07594302689756804,5,4,20260911,301321.SZ,翰博高新,0.7,14,9,5,6,0,20,20
15,801084.SI,光学光电子,0.07594302689756804,5,4,20260911,603685.SH,晨丰科技,0.7,14,7,7,6,0,20,20
15,801084.SI,光学光电子,0.07594302689756804,5,4,20260911,688195.SH,腾景科技,0.7,14,6,8,6,0,20,20
15,801084.SI,光学光电子,0.07594302689756804,5,4,20260911,688299.SH,长阳科技,0.7,14,7,7,6,0,20,20
15,801084.SI,光学光电子,0.07594302689756804,5,4,20260911,688378.SH,奥来德,0.7,14,7,7,6,0,20,20
15,801084.SI,光学光电子,0.07594302689756804,5,4,20260911,920001.BJ,纬达光电,0.7,14,7,7,6,0,20,20
15,801084.SI,光学光电子,0.07594302689756804,5,4,20260911,002387.SZ,维信诺,0.6842105263157895,13,5,8,6,1,19,20
15,801084.SI,光学光电子,0.07594302689756804,5,4,20260911,002952.SZ,亚世光电,0.6842105263157895,13,5,8,6,1,19,20
15,801084.SI,光学光电子,0.07594302689756804,5,4,20260911,300232.SZ,洲明科技,0.6666666666666666,12,5,7,6,2,18,20
15,801084.SI,光学光电子,0.07594302689756804,5,4,20260911,000536.SZ,华映科技,0.65,13,6,7,7,0,20,20
15,801084.SI,光学光电子,0.07594302689756804,5,4,20260911,301183.SZ,东田微,0.65,13,5,8,7,0,20,20
15,801084.SI,光学光电子,0.07594302689756804,5,4,20260911,603703.SH,盛洋科技,0.65,13,6,7,7,0,20,20
15,801084.SI,光学光电子,0.07594302689756804,5,4,20260911,688538.SH,和辉光电,0.6470588235294118,11,4,7,6,3,17,20
15,801084.SI,光学光电子,0.07594302689756804,5,4,20260911,003019.SZ,宸展光电,0.631578947368421,12,7,5,7,1,19,20
15,801084.SI,光学光电子,0.07594302689756804,5,4,20260911,000045.SZ,深纺织A,0.6,12,6,6,8,0,20,20
15,801084.SI,光学光电子,0.07594302689756804,5,4,20260911,300269.SZ,联建光电,0.6,12,5,7,8,0,20,20
15,801084.SI,光学光电子,0.07594302689756804,5,4,20260911,600666.SH,奥瑞德,0.6,12,5,7,8,0,20,20
15,801084.SI,光学光电子,0.07594302689756804,5,4,20260911,000727.SZ,冠捷科技,0.6,9,3,6,6,5,15,20
16,801981.SI,个护用品,0.07466642446660954,19,10,20260824,301009.SZ,可靠股份,0.9473684210526315,18,10,8,1,1,19,20
16,801981.SI,个护用品,0.07466642446660954,19,10,20260824,001206.SZ,依依股份,0.8947368421052632,17,9,8,2,1,19,20
16,801981.SI,个护用品,0.07466642446660954,19,10,20260824,002511.SZ,中顺洁柔,0.85,17,9,8,3,0,20,20
16,801981.SI,个护用品,0.07466642446660954,19,10,20260824,300888.SZ,稳健医疗,0.8421052631578947,16,7,9,3,1,19,20
16,801981.SI,个护用品,0.07466642446660954,19,10,20260824,300658.SZ,延江股份,0.8,16,9,7,4,0,20,20
16,801981.SI,个护用品,0.07466642446660954,19,10,20260824,603193.SH,润本股份,0.8,16,7,9,4,0,20,20
16,801981.SI,个护用品,0.07466642446660954,19,10,20260824,600249.SH,两面针,0.75,15,8,7,5,0,20,20
16,801981.SI,个护用品,0.07466642446660954,19,10,20260824,603059.SH,倍加洁,0.75,15,8,7,5,0,20,20
16,801981.SI,个护用品,0.07466642446660954,19,10,20260824,001328.SZ,登康口腔,0.7368421052631579,14,8,6,5,1,19,20
16,801981.SI,个护用品,0.07466642446660954,19,10,20260824,605009.SH,豪悦护理,0.6842105263157895,13,7,6,6,1,19,20
16,801981.SI,个护用品,0.07466642446660954,19,10,20260824,003006.SZ,百亚股份,0.65,13,10,3,7,0,20,20
17,801156.SI,医疗服务,0.07179475483450792,5,4,20260911,301509.SZ,金凯生科,0.95,19,8,11,1,0,20,20
17,801156.SI,医疗服务,0.07179475483450792,5,4,20260911,603259.SH,药明康德,0.95,19,8,11,1,0,20,20
17,801156.SI,医疗服务,0.07179475483450792,5,4,20260911,688046.SH,药康生物,0.9,18,8,10,2,0,20,20
17,801156.SI,医疗服务,0.07179475483450792,5,4,20260911,603127.SH,昭衍新药,0.8947368421052632,17,7,10,2,1,19,20
17,801156.SI,医疗服务,0.07179475483450792,5,4,20260911,002821.SZ,凯莱英,0.85,17,7,10,3,0,20,20
17,801156.SI,医疗服务,0.07179475483450792,5,4,20260911,300725.SZ,药石科技,0.85,17,7,10,3,0,20,20
17,801156.SI,医疗服务,0.07179475483450792,5,4,20260911,300759.SZ,康龙化成,0.85,17,7,10,3,0,20,20
17,801156.SI,医疗服务,0.07179475483450792,5,4,20260911,603456.SH,九洲药业,0.85,17,7,10,3,0,20,20
17,801156.SI,医疗服务,0.07179475483450792,5,4,20260911,688796.SH,百奥赛图,0.85,17,8,9,3,0,20,20
17,801156.SI,医疗服务,0.07179475483450792,5,4,20260911,301239.SZ,普瑞眼科,0.8421052631578947,16,7,9,3,1,19,20
17,801156.SI,医疗服务,0.07179475483450792,5,4,20260911,300143.SZ,盈康生命,0.8333333333333334,15,7,8,3,2,18,20
17,801156.SI,医疗服务,0.07179475483450792,5,4,20260911,000710.SZ,贝瑞基因,0.8,16,6,10,4,0,20,20
17,801156.SI,医疗服务,0.07179475483450792,5,4,20260911,300149.SZ,睿智医药,0.8,16,7,9,4,0,20,20
17,801156.SI,医疗服务,0.07179475483450792,5,4,20260911,300347.SZ,泰格医药,0.8,16,7,9,4,0,20,20
17,801156.SI,医疗服务,0.07179475483450792,5,4,20260911,300683.SZ,海特生物,0.8,16,7,9,4,0,20,20
17,801156.SI,医疗服务,0.07179475483450792,5,4,20260911,301060.SZ,兰卫医学,0.8,16,7,9,4,0,20,20
17,801156.SI,医疗服务,0.07179475483450792,5,4,20260911,301257.SZ,普蕊斯,0.8,16,6,10,4,0,20,20
17,801156.SI,医疗服务,0.07179475483450792,5,4,20260911,688131.SH,皓元医药,0.8,16,7,9,4,0,20,20
17,801156.SI,医疗服务,0.07179475483450792,5,4,20260911,688222.SH,成都先导,0.8,16,7,9,4,0,20,20
17,801156.SI,医疗服务,0.07179475483450792,5,4,20260911,688238.SH,和元生物,0.8,16,6,10,4,0,20,20
17,801156.SI,医疗服务,0.07179475483450792,5,4,20260911,688265.SH,南模生物,0.8,16,7,9,4,0,20,20
17,801156.SI,医疗服务,0.07179475483450792,5,4,20260911,688315.SH,诺禾致源,0.8,16,6,10,4,0,20,20
17,801156.SI,医疗服务,0.07179475483450792,5,4,20260911,300363.SZ,博腾股份,0.75,15,7,8,5,0,20,20
17,801156.SI,医疗服务,0.07179475483450792,5,4,20260911,300404.SZ,博济医药,0.75,15,6,9,5,0,20,20
17,801156.SI,医疗服务,0.07179475483450792,5,4,20260911,300676.SZ,华大基因,0.75,15,6,9,5,0,20,20
17,801156.SI,医疗服务,0.07179475483450792,5,4,20260911,301201.SZ,诚达药业,0.75,15,7,8,5,0,20,20
17,801156.SI,医疗服务,0.07179475483450792,5,4,20260911,301230.SZ,泓博医药,0.75,15,6,9,5,0,20,20
17,801156.SI,医疗服务,0.07179475483450792,5,4,20260911,301333.SZ,诺思格,0.75,15,7,8,5,0,20,20
17,801156.SI,医疗服务,0.07179475483450792,5,4,20260911,688202.SH,美迪西,0.75,15,7,8,5,0,20,20
17,801156.SI,医疗服务,0.07179475483450792,5,4,20260911,688710.SH,益诺思,0.75,15,6,9,5,0,20,20
17,801156.SI,医疗服务,0.07179475483450792,5,4,20260911,000504.SZ,南华生物,0.7,14,6,8,6,0,20,20
17,801156.SI,医疗服务,0.07179475483450792,5,4,20260911,002173.SZ,创新医疗,0.7,14,6,8,6,0,20,20
17,801156.SI,医疗服务,0.07179475483450792,5,4,20260911,600721.SH,百花医药,0.7,14,7,7,6,0,20,20
17,801156.SI,医疗服务,0.07179475483450792,5,4,20260911,688073.SH,毕得医药,0.7,14,6,8,6,0,20,20
17,801156.SI,医疗服务,0.07179475483450792,5,4,20260911,920670.BJ,数字人,0.7,14,7,7,6,0,20,20
17,801156.SI,医疗服务,0.07179475483450792,5,4,20260911,301267.SZ,华厦眼科,0.6842105263157895,13,5,8,6,1,19,20
17,801156.SI,医疗服务,0.07179475483450792,5,4,20260911,603882.SH,金域医学,0.6842105263157895,13,4,9,6,1,19,20
17,801156.SI,医疗服务,0.07179475483450792,5,4,20260911,301103.SZ,何氏眼科,0.6666666666666666,12,5,7,6,2,18,20
17,801156.SI,医疗服务,0.07179475483450792,5,4,20260911,301293.SZ,三博脑科,0.65,13,5,8,7,0,20,20
17,801156.SI,医疗服务,0.07179475483450792,5,4,20260911,301520.SZ,万邦医药,0.65,13,6,7,7,0,20,20
17,801156.SI,医疗服务,0.07179475483450792,5,4,20260911,600763.SH,通策医疗,0.65,13,5,8,7,0,20,20
17,801156.SI,医疗服务,0.07179475483450792,5,4,20260911,002044.SZ,美年健康,0.631578947368421,12,6,6,7,1,19,20
17,801156.SI,医疗服务,0.07179475483450792,5,4,20260911,002622.SZ,皓宸医疗,0.631578947368421,12,6,6,7,1,19,20
17,801156.SI,医疗服务,0.07179475483450792,5,4,20260911,300015.SZ,爱尔眼科,0.631578947368421,12,5,7,7,1,19,20
17,801156.SI,医疗服务,0.07179475483450792,5,4,20260911,002172.SZ,澳洋健康,0.6,12,5,7,8,0,20,20
17,801156.SI,医疗服务,0.07179475483450792,5,4,20260911,002219.SZ,新里程,0.6,12,5,7,8,0,20,20
17,801156.SI,医疗服务,0.07179475483450792,5,4,20260911,300244.SZ,迪安诊断,0.6,12,4,8,8,0,20,20
18,801115.SI,照明设备Ⅱ,0.06774211265865082,5,4,20260911,300625.SZ,三雄极光,0.85,17,8,9,3,0,20,20
18,801115.SI,照明设备Ⅱ,0.06774211265865082,5,4,20260911,002076.SZ,星光股份,0.7894736842105263,15,8,7,4,1,19,20
18,801115.SI,照明设备Ⅱ,0.06774211265865082,5,4,20260911,000541.SZ,佛山照明,0.7647058823529411,13,7,6,4,3,17,20
18,801115.SI,照明设备Ⅱ,0.06774211265865082,5,4,20260911,600261.SH,阳光照明,0.75,15,8,7,5,0,20,20
18,801115.SI,照明设备Ⅱ,0.06774211265865082,5,4,20260911,001326.SZ,联域股份,0.7,14,8,6,6,0,20,20
18,801115.SI,照明设备Ⅱ,0.06774211265865082,5,4,20260911,002638.SZ,勤上股份,0.7,14,8,6,6,0,20,20
18,801115.SI,照明设备Ⅱ,0.06774211265865082,5,4,20260911,920641.BJ,格利尔,0.6842105263157895,13,6,7,6,1,19,20
18,801115.SI,照明设备Ⅱ,0.06774211265865082,5,4,20260911,301362.SZ,民爆光电,0.65,13,6,7,7,0,20,20
18,801115.SI,照明设备Ⅱ,0.06774211265865082,5,4,20260911,603303.SH,得邦照明,0.65,13,7,6,7,0,20,20
18,801115.SI,照明设备Ⅱ,0.06774211265865082,5,4,20260911,002724.SZ,海洋王,0.631578947368421,12,5,7,7,1,19,20
18,801115.SI,照明设备Ⅱ,0.06774211265865082,5,4,20260911,920339.BJ,恒太照明,0.631578947368421,12,5,7,7,1,19,20
18,801115.SI,照明设备Ⅱ,0.06774211265865082,5,4,20260911,002723.SZ,小崧股份,0.6,12,7,5,8,0,20,20
19,801012.SI,农产品加工,0.0662522980743605,19,12,20260824,000972.SZ,中基健康,0.9444444444444444,17,11,6,1,2,18,20
19,801012.SI,农产品加工,0.0662522980743605,19,12,20260824,000019.SZ,深粮控股,0.9,18,12,6,2,0,20,20
19,801012.SI,农产品加工,0.0662522980743605,19,12,20260824,000505.SZ,京粮控股,0.9,18,11,7,2,0,20,20
19,801012.SI,农产品加工,0.0662522980743605,19,12,20260824,600251.SH,冠农股份,0.9,18,12,6,2,0,20,20
19,801012.SI,农产品加工,0.0662522980743605,19,12,20260824,600737.SH,中粮糖业,0.9,18,11,7,2,0,20,20
19,801012.SI,农产品加工,0.0662522980743605,19,12,20260824,001338.SZ,永顺泰,0.8947368421052632,17,10,7,2,1,19,20
19,801012.SI,农产品加工,0.0662522980743605,19,12,20260824,000930.SZ,中粮科技,0.8,16,11,5,4,0,20,20
19,801012.SI,农产品加工,0.0662522980743605,19,12,20260824,600127.SH,金健米业,0.8,16,11,5,4,0,20,20
19,801012.SI,农产品加工,0.0662522980743605,19,12,20260824,002086.SZ,东方海洋,0.7894736842105263,15,9,6,4,1,19,20
19,801012.SI,农产品加工,0.0662522980743605,19,12,20260824,300268.SZ,佳沃食品,0.75,15,9,6,5,0,20,20
19,801012.SI,农产品加工,0.0662522980743605,19,12,20260824,300999.SZ,金龙鱼,0.75,15,9,6,5,0,20,20
19,801012.SI,农产品加工,0.0662522980743605,19,12,20260824,002852.SZ,道道全,0.7,14,8,6,6,0,20,20
19,801012.SI,农产品加工,0.0662522980743605,19,12,20260824,300138.SZ,晨光生物,0.7,14,7,7,6,0,20,20
19,801012.SI,农产品加工,0.0662522980743605,19,12,20260824,600191.SH,华资实业,0.7,14,9,5,6,0,20,20
19,801012.SI,农产品加工,0.0662522980743605,19,12,20260824,920371.BJ,欧福蛋业,0.7,14,8,6,6,0,20,20
19,801012.SI,农产品加工,0.0662522980743605,19,12,20260824,002286.SZ,保龄宝,0.6842105263157895,13,8,5,6,1,19,20
19,801012.SI,农产品加工,0.0662522980743605,19,12,20260824,002481.SZ,双塔食品,0.6666666666666666,12,8,4,6,2,18,20
19,801012.SI,农产品加工,0.0662522980743605,19,12,20260824,300175.SZ,朗源股份,0.65,13,7,6,7,0,20,20
19,801012.SI,农产品加工,0.0662522980743605,19,12,20260824,603182.SH,嘉华股份,0.65,13,9,4,7,0,20,20
19,801012.SI,农产品加工,0.0662522980743605,19,12,20260824,603231.SH,索宝蛋白,0.6,12,8,4,8,0,20,20
19,801012.SI,农产品加工,0.0662522980743605,19,12,20260824,920273.BJ,一致魔芋,0.6,12,8,4,8,0,20,20
20,801036.SI,塑料,0.06362366111913209,10,5,20260904,001378.SZ,德冠新材,0.8947368421052632,17,8,9,2,1,19,20
20,801036.SI,塑料,0.06362366111913209,10,5,20260904,301687.SZ,新广益,0.8947368421052632,17,8,9,2,1,19,20
20,801036.SI,塑料,0.06362366111913209,10,5,20260904,603435.SH,嘉德利,0.8947368421052632,17,7,10,2,1,19,20
20,801036.SI,塑料,0.06362366111913209,10,5,20260904,688323.SH,瑞华泰,0.8947368421052632,17,8,9,2,1,19,20
20,801036.SI,塑料,0.06362366111913209,10,5,20260904,002886.SZ,沃特股份,0.8888888888888888,16,9,7,2,2,18,20
20,801036.SI,塑料,0.06362366111913209,10,5,20260904,300586.SZ,美联新材,0.8823529411764706,15,7,8,2,3,17,20
20,801036.SI,塑料,0.06362366111913209,10,5,20260904,002324.SZ,普利特,0.8421052631578947,16,8,8,3,1,19,20
20,801036.SI,塑料,0.06362366111913209,10,5,20260904,300538.SZ,同益股份,0.8421052631578947,16,6,10,3,1,19,20
20,801036.SI,塑料,0.06362366111913209,10,5,20260904,301555.SZ,惠柏新材,0.8421052631578947,16,8,8,3,1,19,20
20,801036.SI,塑料,0.06362366111913209,10,5,20260904,301591.SZ,肯特股份,0.8421052631578947,16,8,8,3,1,19,20
20,801036.SI,塑料,0.06362366111913209,10,5,20260904,601208.SH,东材科技,0.8421052631578947,16,8,8,3,1,19,20
20,801036.SI,塑料,0.06362366111913209,10,5,20260904,300243.SZ,瑞丰高材,0.8333333333333334,15,8,7,3,2,18,20
20,801036.SI,塑料,0.06362366111913209,10,5,20260904,001333.SZ,光华股份,0.7894736842105263,15,6,9,4,1,19,20
20,801036.SI,塑料,0.06362366111913209,10,5,20260904,002585.SZ,双星新材,0.7894736842105263,15,7,8,4,1,19,20
20,801036.SI,塑料,0.06362366111913209,10,5,20260904,002768.SZ,国恩股份,0.7894736842105263,15,8,7,4,1,19,20
20,801036.SI,塑料,0.06362366111913209,10,5,20260904,002838.SZ,道恩股份,0.7894736842105263,15,6,9,4,1,19,20
20,801036.SI,塑料,0.06362366111913209,10,5,20260904,300487.SZ,蓝晓科技,0.7894736842105263,15,6,9,4,1,19,20
20,801036.SI,塑料,0.06362366111913209,10,5,20260904,300539.SZ,横河精密,0.7894736842105263,15,7,8,4,1,19,20
20,801036.SI,塑料,0.06362366111913209,10,5,20260904,300834.SZ,星辉环材,0.7894736842105263,15,7,8,4,1,19,20
20,801036.SI,塑料,0.06362366111913209,10,5,20260904,301196.SZ,唯科科技,0.7894736842105263,15,7,8,4,1,19,20
20,801036.SI,塑料,0.06362366111913209,10,5,20260904,301538.SZ,骏鼎达,0.7894736842105263,15,8,7,4,1,19,20
20,801036.SI,塑料,0.06362366111913209,10,5,20260904,603928.SH,兴业股份,0.7894736842105263,15,6,9,4,1,19,20
20,801036.SI,塑料,0.06362366111913209,10,5,20260904,688203.SH,海正生材,0.7894736842105263,15,8,7,4,1,19,20
20,801036.SI,塑料,0.06362366111913209,10,5,20260904,688386.SH,泛亚微透,0.7894736842105263,15,7,8,4,1,19,20
20,801036.SI,塑料,0.06362366111913209,10,5,20260904,688669.SH,聚石化学,0.7894736842105263,15,7,8,4,1,19,20
20,801036.SI,塑料,0.06362366111913209,10,5,20260904,920089.BJ,禾昌聚合,0.7894736842105263,15,8,7,4,1,19,20
20,801036.SI,塑料,0.06362366111913209,10,5,20260904,001359.SZ,平安电工,0.7368421052631579,14,6,8,5,1,19,20
20,801036.SI,塑料,0.06362366111913209,10,5,20260904,300221.SZ,银禧科技,0.7368421052631579,14,6,8,5,1,19,20
20,801036.SI,塑料,0.06362366111913209,10,5,20260904,300230.SZ,永利股份,0.7368421052631579,14,8,6,5,1,19,20
20,801036.SI,塑料,0.06362366111913209,10,5,20260904,300717.SZ,华信新材,0.7368421052631579,14,8,6,5,1,19,20
20,801036.SI,塑料,0.06362366111913209,10,5,20260904,300806.SZ,斯迪克,0.7368421052631579,14,7,7,5,1,19,20
20,801036.SI,塑料,0.06362366111913209,10,5,20260904,300980.SZ,祥源新材,0.7368421052631579,14,7,7,5,1,19,20
20,801036.SI,塑料,0.06362366111913209,10,5,20260904,300995.SZ,奇德新材,0.7368421052631579,14,7,7,5,1,19,20
20,801036.SI,塑料,0.06362366111913209,10,5,20260904,301131.SZ,聚赛龙,0.7368421052631579,14,7,7,5,1,19,20
20,801036.SI,塑料,0.06362366111913209,10,5,20260904,603580.SH,艾艾精工,0.7368421052631579,14,6,8,5,1,19,20
20,801036.SI,塑料,0.06362366111913209,10,5,20260904,605589.SH,圣泉集团,0.7368421052631579,14,7,7,5,1,19,20
20,801036.SI,塑料,0.06362366111913209,10,5,20260904,688219.SH,会通股份,0.7368421052631579,14,7,7,5,1,19,20
20,801036.SI,塑料,0.06362366111913209,10,5,20260904,688716.SH,中研股份,0.7368421052631579,14,5,9,5,1,19,20
20,801036.SI,塑料,0.06362366111913209,10,5,20260904,688718.SH,唯赛勃,0.7368421052631579,14,6,8,5,1,19,20
20,801036.SI,塑料,0.06362366111913209,10,5,20260904,920028.BJ,新恒泰,0.7368421052631579,14,8,6,5,1,19,20
20,801036.SI,塑料,0.06362366111913209,10,5,20260904,600143.SH,金发科技,0.7222222222222222,13,5,8,5,2,18,20
20,801036.SI,塑料,0.06362366111913209,10,5,20260904,000920.SZ,沃顿科技,0.6842105263157895,13,7,6,6,1,19,20
20,801036.SI,塑料,0.06362366111913209,10,5,20260904,002263.SZ,大东南,0.6842105263157895,13,7,6,6,1,19,20
20,801036.SI,塑料,0.06362366111913209,10,5,20260904,002522.SZ,浙江众成,0.6842105263157895,13,8,5,6,1,19,20
20,801036.SI,塑料,0.06362366111913209,10,5,20260904,301019.SZ,宁波色母,0.6842105263157895,13,7,6,6,1,19,20
20,801036.SI,塑料,0.06362366111913209,10,5,20260904,301092.SZ,争光股份,0.6842105263157895,13,5,8,6,1,19,20
20,801036.SI,塑料,0.06362366111913209,10,5,20260904,301216.SZ,万凯新材,0.6842105263157895,13,6,7,6,1,19,20
20,801036.SI,塑料,0.06362366111913209,10,5,20260904,301565.SZ,中仑新材,0.6842105263157895,13,6,7,6,1,19,20
20,801036.SI,塑料,0.06362366111913209,10,5,20260904,301395.SZ,仁信新材,0.6666666666666666,12,6,6,6,2,18,20
20,801036.SI,塑料,0.06362366111913209,10,5,20260904,601026.SH,道生天合,0.6666666666666666,12,6,6,6,2,18,20
20,801036.SI,塑料,0.06362366111913209,10,5,20260904,001255.SZ,博菲电气,0.631578947368421,12,7,5,7,1,19,20
20,801036.SI,塑料,0.06362366111913209,10,5,20260904,002361.SZ,神剑股份,0.631578947368421,12,6,6,7,1,19,20
20,801036.SI,塑料,0.06362366111913209,10,5,20260904,300644.SZ,南京聚隆,0.631578947368421,12,5,7,7,1,19,20
20,801036.SI,塑料,0.06362366111913209,10,5,20260904,301090.SZ,华润材料,0.631578947368421,12,6,6,7,1,19,20
20,801036.SI,塑料,0.06362366111913209,10,5,20260904,301237.SZ,和顺科技,0.631578947368421,12,6,6,7,1,19,20
20,801036.SI,塑料,0.06362366111913209,10,5,20260904,605488.SH,福莱新材,0.631578947368421,12,6,6,7,1,19,20
20,801036.SI,塑料,0.06362366111913209,10,5,20260904,920066.BJ,科拜尔,0.631578947368421,12,6,6,7,1,19,20
20,801036.SI,塑料,0.06362366111913209,10,5,20260904,920469.BJ,富恒新材,0.631578947368421,12,6,6,7,1,19,20
21,801769.SI,出版,0.06280146704701228,16,9,20260827,300148.SZ,天舟文化,0.95,19,9,10,1,0,20,20
21,801769.SI,出版,0.06280146704701228,16,9,20260827,603999.SH,读者传媒,0.95,19,10,9,1,0,20,20
21,801769.SI,出版,0.06280146704701228,16,9,20260827,301052.SZ,果麦文化,0.9473684210526315,18,9,9,1,1,19,20
21,801769.SI,出版,0.06280146704701228,16,9,20260827,603096.SH,新经典,0.9473684210526315,18,9,9,1,1,19,20
21,801769.SI,出版,0.06280146704701228,16,9,20260827,601801.SH,皖新传媒,0.9444444444444444,17,9,8,1,2,18,20
21,801769.SI,出版,0.06280146704701228,16,9,20260827,300364.SZ,中文在线,0.9,18,9,9,2,0,20,20
21,801769.SI,出版,0.06280146704701228,16,9,20260827,300788.SZ,中信出版,0.85,17,10,7,3,0,20,20
21,801769.SI,出版,0.06280146704701228,16,9,20260827,301025.SZ,读客文化,0.85,17,9,8,3,0,20,20
21,801769.SI,出版,0.06280146704701228,16,9,20260827,301231.SZ,荣信文化,0.85,17,7,10,3,0,20,20
21,801769.SI,出版,0.06280146704701228,16,9,20260827,600229.SH,城市传媒,0.85,17,9,8,3,0,20,20
21,801769.SI,出版,0.06280146704701228,16,9,20260827,600551.SH,时代出版,0.85,17,9,8,3,0,20,20
21,801769.SI,出版,0.06280146704701228,16,9,20260827,603230.SH,内蒙新华,0.85,17,10,7,3,0,20,20
21,801769.SI,出版,0.06280146704701228,16,9,20260827,600373.SH,中文传媒,0.8,16,8,8,4,0,20,20
21,801769.SI,出版,0.06280146704701228,16,9,20260827,601858.SH,中国科传,0.8,16,8,8,4,0,20,20
21,801769.SI,出版,0.06280146704701228,16,9,20260827,002181.SZ,粤传媒,0.7894736842105263,15,8,7,4,1,19,20
21,801769.SI,出版,0.06280146704701228,16,9,20260827,605577.SH,龙版传媒,0.7894736842105263,15,9,6,4,1,19,20
21,801769.SI,出版,0.06280146704701228,16,9,20260827,600757.SH,长江传媒,0.75,15,7,8,5,0,20,20
21,801769.SI,出版,0.06280146704701228,16,9,20260827,601921.SH,浙版传媒,0.7368421052631579,14,7,7,5,1,19,20
21,801769.SI,出版,0.06280146704701228,16,9,20260827,601098.SH,中南传媒,0.7222222222222222,13,7,6,5,2,18,20
21,801769.SI,出版,0.06280146704701228,16,9,20260827,601019.SH,山东出版,0.7,14,7,7,6,0,20,20
21,801769.SI,出版,0.06280146704701228,16,9,20260827,601949.SH,中国出版,0.7,14,9,5,6,0,20,20
21,801769.SI,出版,0.06280146704701228,16,9,20260827,600825.SH,新华传媒,0.7,7,4,3,3,10,10,20
21,801769.SI,出版,0.06280146704701228,16,9,20260827,601900.SH,南方传媒,0.6842105263157895,13,6,7,6,1,19,20
21,801769.SI,出版,0.06280146704701228,16,9,20260827,601928.SH,凤凰传媒,0.6666666666666666,12,5,7,6,2,18,20
21,801769.SI,出版,0.06280146704701228,16,9,20260827,000719.SZ,中原传媒,0.65,13,6,7,7,0,20,20
21,801769.SI,出版,0.06280146704701228,16,9,20260827,300654.SZ,世纪天鸿,0.65,13,6,7,7,0,20,20
21,801769.SI,出版,0.06280146704701228,16,9,20260827,601999.SH,出版传媒,0.65,13,8,5,7,0,20,20
21,801769.SI,出版,0.06280146704701228,16,9,20260827,601811.SH,新华文轩,0.6111111111111112,11,7,4,7,2,18,20
22,801082.SI,其他电子Ⅱ,0.06277930425229838,17,7,20260826,600353.SH,旭光电子,0.95,19,7,12,1,0,20,20
22,801082.SI,其他电子Ⅱ,0.06277930425229838,17,7,20260826,603933.SH,睿能科技,0.95,19,7,12,1,0,20,20
22,801082.SI,其他电子Ⅱ,0.06277930425229838,17,7,20260826,688662.SH,富信科技,0.95,19,7,12,1,0,20,20
22,801082.SI,其他电子Ⅱ,0.06277930425229838,17,7,20260826,002782.SZ,可立克,0.9,18,7,11,2,0,20,20
22,801082.SI,其他电子Ⅱ,0.06277930425229838,17,7,20260826,002885.SZ,京泉华,0.9,18,7,11,2,0,20,20
22,801082.SI,其他电子Ⅱ,0.06277930425229838,17,7,20260826,300184.SZ,力源信息,0.9,18,6,12,2,0,20,20
22,801082.SI,其他电子Ⅱ,0.06277930425229838,17,7,20260826,301328.SZ,维峰电子,0.9,18,7,11,2,0,20,20
22,801082.SI,其他电子Ⅱ,0.06277930425229838,17,7,20260826,301563.SZ,云汉芯城,0.9,18,6,12,2,0,20,20
22,801082.SI,其他电子Ⅱ,0.06277930425229838,17,7,20260826,688103.SH,国力电子,0.9,18,7,11,2,0,20,20
22,801082.SI,其他电子Ⅱ,0.06277930425229838,17,7,20260826,001298.SZ,好上好,0.85,17,5,12,3,0,20,20
22,801082.SI,其他电子Ⅱ,0.06277930425229838,17,7,20260826,300131.SZ,英唐智控,0.85,17,7,10,3,0,20,20
22,801082.SI,其他电子Ⅱ,0.06277930425229838,17,7,20260826,300650.SZ,太龙股份,0.85,17,5,12,3,0,20,20
22,801082.SI,其他电子Ⅱ,0.06277930425229838,17,7,20260826,300656.SZ,民德电子,0.85,17,7,10,3,0,20,20
22,801082.SI,其他电子Ⅱ,0.06277930425229838,17,7,20260826,301031.SZ,中熔电气,0.85,17,7,10,3,0,20,20
22,801082.SI,其他电子Ⅱ,0.06277930425229838,17,7,20260826,301099.SZ,雅创电子,0.85,17,7,10,3,0,20,20
22,801082.SI,其他电子Ⅱ,0.06277930425229838,17,7,20260826,688093.SH,世华科技,0.85,17,6,11,3,0,20,20
22,801082.SI,其他电子Ⅱ,0.06277930425229838,17,7,20260826,300493.SZ,润欣科技,0.8421052631578947,16,5,11,3,1,19,20
22,801082.SI,其他电子Ⅱ,0.06277930425229838,17,7,20260826,002859.SZ,洁美科技,0.8,16,6,10,4,0,20,20
22,801082.SI,其他电子Ⅱ,0.06277930425229838,17,7,20260826,001287.SZ,中电港,0.7894736842105263,15,7,8,4,1,19,20
22,801082.SI,其他电子Ⅱ,0.06277930425229838,17,7,20260826,000062.SZ,深圳华强,0.75,15,5,10,5,0,20,20
22,801082.SI,其他电子Ⅱ,0.06277930425229838,17,7,20260826,002388.SZ,新亚制程,0.75,15,6,9,5,0,20,20
22,801082.SI,其他电子Ⅱ,0.06277930425229838,17,7,20260826,300475.SZ,香农芯创,0.75,15,6,9,5,0,20,20
22,801082.SI,其他电子Ⅱ,0.06277930425229838,17,7,20260826,300736.SZ,百邦科技,0.75,15,6,9,5,0,20,20
22,801082.SI,其他电子Ⅱ,0.06277930425229838,17,7,20260826,002922.SZ,伊戈尔,0.7222222222222222,13,4,9,5,2,18,20
22,801082.SI,其他电子Ⅱ,0.06277930425229838,17,7,20260826,301275.SZ,汉朔科技,0.7,14,6,8,6,0,20,20
22,801082.SI,其他电子Ⅱ,0.06277930425229838,17,7,20260826,688800.SH,瑞可达,0.7,14,5,9,6,0,20,20
22,801082.SI,其他电子Ⅱ,0.06277930425229838,17,7,20260826,300991.SZ,创益通,0.6842105263157895,13,5,8,6,1,19,20
22,801082.SI,其他电子Ⅱ,0.06277930425229838,17,7,20260826,002130.SZ,沃尔核材,0.65,13,5,8,7,0,20,20
22,801082.SI,其他电子Ⅱ,0.06277930425229838,17,7,20260826,920181.BJ,赛英电子,0.65,13,4,9,7,0,20,20
22,801082.SI,其他电子Ⅱ,0.06277930425229838,17,7,20260826,002729.SZ,好利科技,0.631578947368421,12,5,7,7,1,19,20
22,801082.SI,其他电子Ⅱ,0.06277930425229838,17,7,20260826,000670.SZ,盈方微,0.6,12,6,6,8,0,20,20
22,801082.SI,其他电子Ⅱ,0.06277930425229838,17,7,20260826,300516.SZ,久之洋,0.6,12,5,7,8,0,20,20
22,801082.SI,其他电子Ⅱ,0.06277930425229838,17,7,20260826,301359.SZ,东南电子,0.6,12,5,7,8,0,20,20
23,801736.SI,风电设备,0.06035208357776489,10,8,20260904,300443.SZ,金雷股份,0.85,17,9,8,3,0,20,20
23,801736.SI,风电设备,0.06035208357776489,10,8,20260904,300850.SZ,新强联,0.85,17,9,8,3,0,20,20
23,801736.SI,风电设备,0.06035208357776489,10,8,20260904,300129.SZ,泰胜风能,0.7894736842105263,15,9,6,4,1,19,20
23,801736.SI,风电设备,0.06035208357776489,10,8,20260904,002531.SZ,天顺风能,0.7777777777777778,14,9,5,4,2,18,20
23,801736.SI,风电设备,0.06035208357776489,10,8,20260904,002202.SZ,金风科技,0.75,15,8,7,5,0,20,20
23,801736.SI,风电设备,0.06035208357776489,10,8,20260904,301456.SZ,盘古智能,0.75,15,9,6,5,0,20,20
23,801736.SI,风电设备,0.06035208357776489,10,8,20260904,601615.SH,明阳智能,0.75,15,8,7,5,0,20,20
23,801736.SI,风电设备,0.06035208357776489,10,8,20260904,603092.SH,德力佳,0.75,15,8,7,5,0,20,20
23,801736.SI,风电设备,0.06035208357776489,10,8,20260904,920200.BJ,振宏股份,0.75,15,9,6,5,0,20,20
23,801736.SI,风电设备,0.06035208357776489,10,8,20260904,301155.SZ,海力风电,0.7368421052631579,14,7,7,5,1,19,20
23,801736.SI,风电设备,0.06035208357776489,10,8,20260904,688349.SH,三一重能,0.7368421052631579,14,6,8,5,1,19,20
23,801736.SI,风电设备,0.06035208357776489,10,8,20260904,002487.SZ,大金重工,0.7,14,8,6,6,0,20,20
23,801736.SI,风电设备,0.06035208357776489,10,8,20260904,300772.SZ,运达股份,0.7,14,7,7,6,0,20,20
23,801736.SI,风电设备,0.06035208357776489,10,8,20260904,603218.SH,日月股份,0.6842105263157895,13,7,6,6,1,19,20
23,801736.SI,风电设备,0.06035208357776489,10,8,20260904,000809.SZ,和展能源,0.6666666666666666,10,7,3,5,5,15,20
23,801736.SI,风电设备,0.06035208357776489,10,8,20260904,301163.SZ,宏德股份,0.65,13,7,6,7,0,20,20
23,801736.SI,风电设备,0.06035208357776489,10,8,20260904,603063.SH,禾望电气,0.65,13,7,6,7,0,20,20
23,801736.SI,风电设备,0.06035208357776489,10,8,20260904,688186.SH,广大特材,0.65,13,8,5,7,0,20,20
23,801736.SI,风电设备,0.06035208357776489,10,8,20260904,601218.SH,吉鑫科技,0.6111111111111112,11,8,3,7,2,18,20
23,801736.SI,风电设备,0.06035208357776489,10,8,20260904,300690.SZ,双一科技,0.6,12,6,6,8,0,20,20
23,801736.SI,风电设备,0.06035208357776489,10,8,20260904,688660.SH,电气风电,0.6,12,7,5,8,0,20,20
24,801092.SI,汽车服务,0.0594181344983038,19,12,20260824,301215.SZ,中汽股份,0.8421052631578947,16,9,7,3,1,19,20
24,801092.SI,汽车服务,0.0594181344983038,19,12,20260824,600335.SH,国机汽车,0.8421052631578947,16,9,7,3,1,19,20
24,801092.SI,汽车服务,0.0594181344983038,19,12,20260824,600386.SH,北巴传媒,0.8421052631578947,16,10,6,3,1,19,20
24,801092.SI,汽车服务,0.0594181344983038,19,12,20260824,600653.SH,申华控股,0.8421052631578947,16,9,7,3,1,19,20
24,801092.SI,汽车服务,0.0594181344983038,19,12,20260824,920030.BJ,德众汽车,0.7894736842105263,15,9,6,4,1,19,20
24,801092.SI,汽车服务,0.0594181344983038,19,12,20260824,000701.SZ,厦门信达,0.7777777777777778,14,8,6,4,2,18,20
24,801092.SI,汽车服务,0.0594181344983038,19,12,20260824,000757.SZ,浩物股份,0.7,14,8,6,6,0,20,20
24,801092.SI,汽车服务,0.0594181344983038,19,12,20260824,300825.SZ,阿尔特,0.7,14,10,4,6,0,20,20
24,801092.SI,汽车服务,0.0594181344983038,19,12,20260824,600822.SH,上海物贸,0.631578947368421,12,8,4,7,1,19,20
24,801092.SI,汽车服务,0.0594181344983038,19,12,20260824,601965.SH,中国汽研,0.631578947368421,12,4,8,7,1,19,20
24,801092.SI,汽车服务,0.0594181344983038,19,12,20260824,600676.SH,久事动娱,0.6,12,8,4,8,0,20,20
25,801072.SI,通用设备,0.05629458111237162,5,4,20260911,002931.SZ,锋龙股份,1.0,20,9,11,0,0,20,20
25,801072.SI,通用设备,0.05629458111237162,5,4,20260911,300503.SZ,昊志机电,1.0,20,9,11,0,0,20,20
25,801072.SI,通用设备,0.05629458111237162,5,4,20260911,301261.SZ,恒工精密,1.0,20,9,11,0,0,20,20
25,801072.SI,通用设备,0.05629458111237162,5,4,20260911,301413.SZ,安培龙,1.0,20,9,11,0,0,20,20
25,801072.SI,通用设备,0.05629458111237162,5,4,20260911,300007.SZ,汉威科技,0.95,19,9,10,1,0,20,20
25,801072.SI,通用设备,0.05629458111237162,5,4,20260911,300946.SZ,恒而达,0.95,19,8,11,1,0,20,20
25,801072.SI,通用设备,0.05629458111237162,5,4,20260911,301368.SZ,丰立智能,0.95,19,8,11,1,0,20,20
25,801072.SI,通用设备,0.05629458111237162,5,4,20260911,301596.SZ,瑞迪智驱,0.95,19,9,10,1,0,20,20
25,801072.SI,通用设备,0.05629458111237162,5,4,20260911,603662.SH,柯力传感,0.95,19,9,10,1,0,20,20
25,801072.SI,通用设备,0.05629458111237162,5,4,20260911,688056.SH,莱伯泰科,0.95,19,8,11,1,0,20,20
25,801072.SI,通用设备,0.05629458111237162,5,4,20260911,688577.SH,浙海德曼,0.95,19,8,11,1,0,20,20
25,801072.SI,通用设备,0.05629458111237162,5,4,20260911,000837.SZ,秦川机床,0.9473684210526315,18,8,10,1,1,19,20
25,801072.SI,通用设备,0.05629458111237162,5,4,20260911,300817.SZ,双飞集团,0.9473684210526315,18,8,10,1,1,19,20
25,801072.SI,通用设备,0.05629458111237162,5,4,20260911,001306.SZ,夏厦精密,0.9,18,8,10,2,0,20,20
25,801072.SI,通用设备,0.05629458111237162,5,4,20260911,002896.SZ,中大力德,0.9,18,8,10,2,0,20,20
25,801072.SI,通用设备,0.05629458111237162,5,4,20260911,300420.SZ,五洋自控,0.9,18,7,11,2,0,20,20
25,801072.SI,通用设备,0.05629458111237162,5,4,20260911,300421.SZ,力星股份,0.9,18,7,11,2,0,20,20
25,801072.SI,通用设备,0.05629458111237162,5,4,20260911,300718.SZ,长盛轴承,0.9,18,8,10,2,0,20,20
25,801072.SI,通用设备,0.05629458111237162,5,4,20260911,300809.SZ,华辰装备,0.9,18,9,9,2,0,20,20
25,801072.SI,通用设备,0.05629458111237162,5,4,20260911,300990.SZ,同飞股份,0.9,18,8,10,2,0,20,20
25,801072.SI,通用设备,0.05629458111237162,5,4,20260911,301018.SZ,申菱环境,0.9,18,9,9,2,0,20,20
25,801072.SI,通用设备,0.05629458111237162,5,4,20260911,301317.SZ,鑫磊股份,0.9,18,8,10,2,0,20,20
25,801072.SI,通用设备,0.05629458111237162,5,4,20260911,301548.SZ,崇德科技,0.9,18,8,10,2,0,20,20
25,801072.SI,通用设备,0.05629458111237162,5,4,20260911,688001.SH,华兴源,0.9,18,9,9,2,0,20,20
25,801072.SI,通用设备,0.05629458111237162,5,4,20260911,688337.SH,普源精电,0.9,18,7,11,2,0,20,20
25,801072.SI,通用设备,0.05629458111237162,5,4,20260911,688450.SH,光格科技,0.9,18,7,11,2,0,20,20
25,801072.SI,通用设备,0.05629458111237162,5,4,20260911,688628.SH,优利德,0.9,18,7,11,2,0,20,20
25,801072.SI,通用设备,0.05629458111237162,5,4,20260911,300554.SZ,三超新材,0.8947368421052632,17,8,9,2,1,19,20
25,801072.SI,通用设备,0.05629458111237162,5,4,20260911,300780.SZ,德恩精工,0.8947368421052632,17,7,10,2,1,19,20
25,801072.SI,通用设备,0.05629458111237162,5,4,20260911,300985.SZ,致远新能,0.8947368421052632,17,8,9,2,1,19,20
25,801072.SI,通用设备,0.05629458111237162,5,4,20260911,301273.SZ,瑞晨环保,0.8947368421052632,17,7,10,2,1,19,20
25,801072.SI,通用设备,0.05629458111237162,5,4,20260911,603915.SH,国茂股份,0.8947368421052632,17,7,10,2,1,19,20
25,801072.SI,通用设备,0.05629458111237162,5,4,20260911,000811.SZ,冰轮环境,0.85,17,8,9,3,0,20,20
25,801072.SI,通用设备,0.05629458111237162,5,4,20260911,002046.SZ,国机精工,0.85,17,9,8,3,0,20,20
25,801072.SI,通用设备,0.05629458111237162,5,4,20260911,002158.SZ,汉钟精机,0.85,17,8,9,3,0,20,20
25,801072.SI,通用设备,0.05629458111237162,5,4,20260911,002943.SZ,宇晶股份,0.85,17,7,10,3,0,20,20
25,801072.SI,通用设备,0.05629458111237162,5,4,20260911,300179.SZ,四方达,0.85,17,9,8,3,0,20,20
25,801072.SI,通用设备,0.05629458111237162,5,4,20260911,300488.SZ,恒锋工具,0.85,17,8,9,3,0,20,20
25,801072.SI,通用设备,0.05629458111237162,5,4,20260911,300553.SZ,集智股份,0.85,17,9,8,3,0,20,20
25,801072.SI,通用设备,0.05629458111237162,5,4,20260911,300828.SZ,锐新科技,0.85,17,7,10,3,0,20,20
25,801072.SI,通用设备,0.05629458111237162,5,4,20260911,300984.SZ,金沃股份,0.85,17,8,9,3,0,20,20
25,801072.SI,通用设备,0.05629458111237162,5,4,20260911,301028.SZ,鼎熔岩,0.85,17,8,9,3,0,20,20
25,801072.SI,通用设备,0.05629458111237162,5,4,20260911,301107.SZ,瑜欣电子,0.85,17,8,9,3,0,20,20
25,801072.SI,通用设备,0.05629458111237162,5,4,20260911,301360.SZ,荣旗科技,0.85,17,8,9,3,0,20,20
25,801072.SI,通用设备,0.05629458111237162,5,4,20260911,301603.SZ,乔锋智能,0.85,17,8,9,3,0,20,20
25,801072.SI,通用设备,0.05629458111237162,5,4,20260911,603270.SH,金帝股份,0.85,17,9,8,3,0,20,20
25,801072.SI,通用设备,0.05629458111237162,5,4,20260911,603667.SH,五洲新春,0.85,17,7,10,3,0,20,20
25,801072.SI,通用设备,0.05629458111237162,5,4,20260911,603757.SH,大元泵,0.85,17,9,8,3,0,20,20
25,801072.SI,通用设备,0.05629458111237162,5,4,20260911,603912.SH,佳力图,0.85,17,7,10,3,0,20,20
25,801072.SI,通用设备,0.05629458111237162,5,4,20260911,605056.SH,咸亨国际,0.85,17,7,10,3,0,20,20
25,801072.SI,通用设备,0.05629458111237162,5,4,20260911,688112.SH,鼎阳科技,0.85,17,8,9,3,0,20,20
25,801072.SI,通用设备,0.05629458111237162,5,4,20260911,688308.SH,欧科亿,0.85,17,7,10,3,0,20,20
25,801072.SI,通用设备,0.05629458111237162,5,4,20260911,688583.SH,思看科技,0.85,17,8,9,3,0,20,20
25,801072.SI,通用设备,0.05629458111237162,5,4,20260911,688665.SH,四方光电,0.85,17,8,9,3,0,20,20
25,801072.SI,通用设备,0.05629458111237162,5,4,20260911,301525.SZ,儒竞科技,0.8421052631578947,16,7,9,3,1,19,20
25,801072.SI,通用设备,0.05629458111237162,5,4,20260911,603088.SH,宁波精达,0.8421052631578947,16,8,8,3,1,19,20
25,801072.SI,通用设备,0.05629458111237162,5,4,20260911,920035.BJ,精创电气,0.8421052631578947,16,7,9,3,1,19,20
25,801072.SI,通用设备,0.05629458111237162,5,4,20260911,300259.SZ,新天科技,0.8333333333333334,15,7,8,3,2,18,20
25,801072.SI,通用设备,0.05629458111237162,5,4,20260911,001696.SZ,宗申动力,0.8,16,8,8,4,0,20,20
25,801072.SI,通用设备,0.05629458111237162,5,4,20260911,002248.SZ,华东数控,0.8,16,7,9,4,0,20,20
25,801072.SI,通用设备,0.05629458111237162,5,4,20260911,002520.SZ,日发精机,0.8,16,8,8,4,0,20,20
25,801072.SI,通用设备,0.05629458111237162,5,4,20260911,002633.SZ,申科股份,0.8,16,8,8,4,0,20,20
25,801072.SI,通用设备,0.05629458111237162,5,4,20260911,002767.SZ,先锋电子,0.8,16,8,8,4,0,20,20
25,801072.SI,通用设备,0.05629458111237162,5,4,20260911,002903.SZ,宇环数控,0.8,16,5,11,4,0,20,20
25,801072.SI,通用设备,0.05629458111237162,5,4,20260911,300066.SZ,三川智慧,0.8,16,8,8,4,0,20,20
25,801072.SI,通用设备,0.05629458111237162,5,4,20260911,300126.SZ,锐奇股份,0.8,16,8,8,4,0,20,20
25,801072.SI,通用设备,0.05629458111237162,5,4,20260911,300161.SZ,华中数控,0.8,16,8,8,4,0,20,20
25,801072.SI,通用设备,0.05629458111237162,5,4,20260911,300354.SZ,东华测试,0.8,16,7,9,4,0,20,20
25,801072.SI,通用设备,0.05629458111237162,5,4,20260911,300557.SZ,理工光科,0.8,16,6,10,4,0,20,20
25,801072.SI,通用设备,0.05629458111237162,5,4,20260911,300606.SZ,金太阳,0.8,16,7,9,4,0,20,20
25,801072.SI,通用设备,0.05629458111237162,5,4,20260911,300667.SZ,必创科技,0.8,16,7,9,4,0,20,20
25,801072.SI,通用设备,0.05629458111237162,5,4,20260911,300885.SZ,海昌新材,0.8,16,7,9,4,0,20,20
25,801072.SI,通用设备,0.05629458111237162,5,4,20260911,300943.SZ,春晖智控,0.8,16,8,8,4,0,20,20
25,801072.SI,通用设备,0.05629458111237162,5,4,20260911,300992.SZ,泰福泵业,0.8,16,9,7,4,0,20,20
25,801072.SI,通用设备,0.05629458111237162,5,4,20260911,301006.SZ,迈拓股份,0.8,16,7,9,4,0,20,20
25,801072.SI,通用设备,0.05629458111237162,5,4,20260911,301303.SZ,真兰仪表,0.8,16,6,10,4,0,20,20
25,801072.SI,通用设备,0.05629458111237162,5,4,20260911,301448.SZ,开创电气,0.8,16,8,8,4,0,20,20
25,801072.SI,通用设备,0.05629458111237162,5,4,20260911,301677.SZ,欣兴工具,0.8,16,7,9,4,0,20,20
25,801072.SI,通用设备,0.05629458111237162,5,4,20260911,600114.SH,东睦股份,0.8,16,6,10,4,0,20,20
25,801072.SI,通用设备,0.05629458111237162,5,4,20260911,603090.SH,宏盛股份,0.8,16,7,9,4,0,20,20
25,801072.SI,通用设备,0.05629458111237162,5,4,20260911,603699.SH,纽威股份,0.8,16,6,10,4,0,20,20
25,801072.SI,通用设备,0.05629458111237162,5,4,20260911,688028.SH,沃尔德,0.8,16,8,8,4,0,20,20
25,801072.SI,通用设备,0.05629458111237162,5,4,20260911,688257.SH,新锐股份,0.8,16,7,9,4,0,20,20
25,801072.SI,通用设备,0.05629458111237162,5,4,20260911,688333.SH,铂力特,0.8,16,7,9,4,0,20,20
25,801072.SI,通用设备,0.05629458111237162,5,4,20260911,688360.SH,德马科技,0.8,16,7,9,4,0,20,20
25,801072.SI,通用设备,0.05629458111237162,5,4,20260911,688379.SH,华光新材,0.8,16,8,8,4,0,20,20
25,801072.SI,通用设备,0.05629458111237162,5,4,20260911,688448.SH,磁谷科技,0.8,16,8,8,4,0,20,20
25,801072.SI,通用设备,0.05629458111237162,5,4,20260911,688557.SH,兰剑智能,0.8,16,7,9,4,0,20,20
25,801072.SI,通用设备,0.05629458111237162,5,4,20260911,688558.SH,国盛智科,0.8,16,7,9,4,0,20,20
25,801072.SI,通用设备,0.05629458111237162,5,4,20260911,688610.SH,埃科光电,0.8,16,7,9,4,0,20,20
25,801072.SI,通用设备,0.05629458111237162,5,4,20260911,920002.BJ,万达轴承,0.8,16,8,8,4,0,20,20
25,801072.SI,通用设备,0.05629458111237162,5,4,20260911,301125.SZ,腾亚精工,0.7894736842105263,15,7,8,4,1,19,20
25,801072.SI,通用设备,0.05629458111237162,5,4,20260911,301268.SZ,铭利达,0.7894736842105263,15,5,10,4,1,19,20
25,801072.SI,通用设备,0.05629458111237162,5,4,20260911,603339.SH,四方科技,0.7894736842105263,15,8,7,4,1,19,20
25,801072.SI,通用设备,0.05629458111237162,5,4,20260911,002445.SZ,中南文化,0.7777777777777778,14,7,7,4,2,18,20
25,801072.SI,通用设备,0.05629458111237162,5,4,20260911,603131.SH,上海沪工,0.7777777777777778,14,5,9,4,2,18,20
25,801072.SI,通用设备,0.05629458111237162,5,4,20260911,000880.SZ,潍柴重机,0.75,15,7,8,5,0,20,20
25,801072.SI,通用设备,0.05629458111237162,5,4,20260911,002272.SZ,川润股份,0.75,15,8,7,5,0,20,20
25,801072.SI,通用设备,0.05629458111237162,5,4,20260911,002843.SZ,泰嘉股份,0.75,15,7,8,5,0,20,20
25,801072.SI,通用设备,0.05629458111237162,5,4,20260911,002871.SZ,伟隆股份,0.75,15,6,9,5,0,20,20
25,801072.SI,通用设备,0.05629458111237162,5,4,20260911,300260.SZ,新莱应材,0.75,15,7,8,5,0,20,20
25,801072.SI,通用设备,0.05629458111237162,5,4,20260911,300371.SZ,汇中股份,0.75,15,6,9,5,0,20,20
25,801072.SI,通用设备,0.05629458111237162,5,4,20260911,300445.SZ,康斯特,0.75,15,7,8,5,0,20,20
25,801072.SI,通用设备,0.05629458111237162,5,4,20260911,300567.SZ,精测电子,0.75,15,6,9,5,0,20,20
25,801072.SI,通用设备,0.05629458111237162,5,4,20260911,300720.SZ,海川智能,0.75,15,5,10,5,0,20,20
25,801072.SI,通用设备,0.05629458111237162,5,4,20260911,300906.SZ,日月明,0.75,15,6,9,5,0,20,20
25,801072.SI,通用设备,0.05629458111237162,5,4,20260911,301129.SZ,瑞纳智能,0.75,15,7,8,5,0,20,20
25,801072.SI,通用设备,0.05629458111237162,5,4,20260911,301307.SZ,美利信,0.75,15,7,8,5,0,20,20
25,801072.SI,通用设备,0.05629458111237162,5,4,20260911,301353.SZ,普莱得,0.75,15,7,8,5,0,20,20
25,801072.SI,通用设备,0.05629458111237162,5,4,20260911,600202.SH,哈空调,0.75,15,7,8,5,0,20,20
25,801072.SI,通用设备,0.05629458111237162,5,4,20260911,601177.SH,杭齿前进,0.75,15,6,9,5,0,20,20
25,801072.SI,通用设备,0.05629458111237162,5,4,20260911,605100.SH,华丰股份,0.75,15,6,9,5,0,20,20
25,801072.SI,通用设备,0.05629458111237162,5,4,20260911,688059.SH,华锐精密,0.75,15,6,9,5,0,20,20
25,801072.SI,通用设备,0.05629458111237162,5,4,20260911,688115.SH,思林杰,0.75,15,6,9,5,0,20,20
25,801072.SI,通用设备,0.05629458111237162,5,4,20260911,688808.SH,联讯仪器,0.75,15,7,8,5,0,20,20
25,801072.SI,通用设备,0.05629458111237162,5,4,20260911,920223.BJ,荣亿精密,0.75,15,7,8,5,0,20,20
25,801072.SI,通用设备,0.05629458111237162,5,4,20260911,920510.BJ,丰光精密,0.75,15,7,8,5,0,20,20
25,801072.SI,通用设备,0.05629458111237162,5,4,20260911,920870.BJ,恒进感应,0.75,15,7,8,5,0,20,20
25,801072.SI,通用设备,0.05629458111237162,5,4,20260911,002347.SZ,泰尔股份,0.75,12,6,6,4,4,16,20
25,801072.SI,通用设备,0.05629458111237162,5,4,20260911,000410.SZ,沈阳机床,0.7368421052631579,14,7,7,5,1,19,20
25,801072.SI,通用设备,0.05629458111237162,5,4,20260911,001237.SZ,惠康科技,0.7368421052631579,14,6,8,5,1,19,20
25,801072.SI,通用设备,0.05629458111237162,5,4,20260911,002131.SZ,利欧股份,0.7368421052631579,14,7,7,5,1,19,20
25,801072.SI,通用设备,0.05629458111237162,5,4,20260911,002164.SZ,宁波东力,0.7368421052631579,14,5,9,5,1,19,20
25,801072.SI,通用设备,0.05629458111237162,5,4,20260911,002559.SZ,亚威股份,0.7368421052631579,14,6,8,5,1,19,20
25,801072.SI,通用设备,0.05629458111237162,5,4,20260911,300349.SZ,金卡智能,0.7368421052631579,14,6,8,5,1,19,20
25,801072.SI,通用设备,0.05629458111237162,5,4,20260911,301032.SZ,新柴股份,0.7368421052631579,14,6,8,5,1,19,20
25,801072.SI,通用设备,0.05629458111237162,5,4,20260911,301160.SZ,翔楼新材,0.7368421052631579,14,5,9,5,1,19,20
25,801072.SI,通用设备,0.05629458111237162,5,4,20260911,603278.SH,大业股份,0.7368421052631579,14,6,8,5,1,19,20
25,801072.SI,通用设备,0.05629458111237162,5,4,20260911,002849.SZ,威星智能,0.7,14,7,7,6,0,20,20
25,801072.SI,通用设备,0.05629458111237162,5,4,20260911,003025.SZ,思进智能,0.7,14,5,9,6,0,20,20
25,801072.SI,通用设备,0.05629458111237162,5,4,20260911,300112.SZ,万讯自控,0.7,14,6,8,6,0,20,20
25,801072.SI,通用设备,0.05629458111237162,5,4,20260911,300165.SZ,天瑞仪器,0.7,14,6,8,6,0,20,20
25,801072.SI,通用设备,0.05629458111237162,5,4,20260911,300417.SZ,南华仪器,0.7,14,7,7,6,0,20,20
25,801072.SI,通用设备,0.05629458111237162,5,4,20260911,300700.SZ,岱勒新材,0.7,14,5,9,6,0,20,20
25,801072.SI,通用设备,0.05629458111237162,5,4,20260911,300861.SZ,美畅股份,0.7,14,6,8,6,0,20,20
25,801072.SI,通用设备,0.05629458111237162,5,4,20260911,301070.SZ,开勒股份,0.7,14,7,7,6,0,20,20
25,801072.SI,通用设备,0.05629458111237162,5,4,20260911,301255.SZ,通力科技,0.7,14,6,8,6,0,20,20
25,801072.SI,通用设备,0.05629458111237162,5,4,20260911,301272.SZ,英华特,0.7,14,5,9,6,0,20,20
25,801072.SI,通用设备,0.05629458111237162,5,4,20260911,301309.SZ,万得凯,0.7,14,6,8,6,0,20,20
25,801072.SI,通用设备,0.05629458111237162,5,4,20260911,301377.SZ,鼎泰高科,0.7,14,6,8,6,0,20,20
25,801072.SI,通用设备,0.05629458111237162,5,4,20260911,301399.SZ,英特科技,0.7,14,6,8,6,0,20,20
25,801072.SI,通用设备,0.05629458111237162,5,4,20260911,301616.SZ,浙江华业,0.7,14,8,6,6,0,20,20
25,801072.SI,通用设备,0.05629458111237162,5,4,20260911,600172.SH,黄河旋风,0.7,14,7,7,6,0,20,20
25,801072.SI,通用设备,0.05629458111237162,5,4,20260911,600592.SH,龙溪股份,0.7,14,7,7,6,0,20,20
25,801072.SI,通用设备,0.05629458111237162,5,4,20260911,601002.SH,晋亿实业,0.7,14,6,8,6,0,20,20
25,801072.SI,通用设备,0.05629458111237162,5,4,20260911,605060.SH,联德股份,0.7,14,6,8,6,0,20,20
25,801072.SI,通用设备,0.05629458111237162,5,4,20260911,688305.SH,科德数控,0.7,14,6,8,6,0,20,20
25,801072.SI,通用设备,0.05629458111237162,5,4,20260911,688355.SH,明志科技,0.7,14,7,7,6,0,20,20
25,801072.SI,通用设备,0.05629458111237162,5,4,20260911,688433.SH,华曙高科,0.7,14,5,9,6,0,20,20
25,801072.SI,通用设备,0.05629458111237162,5,4,20260911,688528.SH,秦川物联,0.7,14,6,8,6,0,20,20
25,801072.SI,通用设备,0.05629458111237162,5,4,20260911,688697.SH,纽威数控,0.7,14,7,7,6,0,20,20
25,801072.SI,通用设备,0.05629458111237162,5,4,20260911,688768.SH,容知日新,0.7,14,6,8,6,0,20,20
25,801072.SI,通用设备,0.05629458111237162,5,4,20260911,920238.BJ,长鹰硬科,0.7,14,6,8,6,0,20,20
25,801072.SI,通用设备,0.05629458111237162,5,4,20260911,920662.BJ,方盛股份,0.7,14,6,8,6,0,20,20
25,801072.SI,通用设备,0.05629458111237162,5,4,20260911,920693.BJ,阿为特,0.7,14,7,7,6,0,20,20
25,801072.SI,通用设备,0.05629458111237162,5,4,20260911,300306.SZ,远方信息,0.6842105263157895,13,6,7,6,1,19,20
25,801072.SI,通用设备,0.05629458111237162,5,4,20260911,300466.SZ,赛摩智能,0.6842105263157895,13,5,8,6,1,19,20
25,801072.SI,通用设备,0.05629458111237162,5,4,20260911,000039.SZ,中集集团,0.65,13,6,7,7,0,20,20
25,801072.SI,通用设备,0.05629458111237162,5,4,20260911,002058.SZ,紫竹高科,0.65,13,6,7,7,0,20,20
25,801072.SI,通用设备,0.05629458111237162,5,4,20260911,002150.SZ,正泰电源,0.65,13,5,8,7,0,20,20
25,801072.SI,通用设备,0.05629458111237162,5,4,20260911,002282.SZ,博深股份,0.65,13,6,7,7,0,20,20
25,801072.SI,通用设备,0.05629458111237162,5,4,20260911,002438.SZ,江苏神通,0.65,13,5,8,7,0,20,20
25,801072.SI,通用设备,0.05629458111237162,5,4,20260911,002552.SZ,宝鼎科技,0.65,13,6,7,7,0,20,20
25,801072.SI,通用设备,0.05629458111237162,5,4,20260911,002760.SZ,凤形股份,0.65,13,6,7,7,0,20,20
25,801072.SI,通用设备,0.05629458111237162,5,4,20260911,002819.SZ,东方中科,0.65,13,6,7,7,0,20,20
25,801072.SI,通用设备,0.05629458111237162,5,4,20260911,300257.SZ,开山股份,0.65,13,6,7,7,0,20,20
25,801072.SI,通用设备,0.05629458111237162,5,4,20260911,300838.SZ,浙江力诺,0.65,13,6,7,7,0,20,20
25,801072.SI,通用设备,0.05629458111237162,5,4,20260911,301197.SZ,工大科雅,0.65,13,5,8,7,0,20,20
25,801072.SI,通用设备,0.05629458111237162,5,4,20260911,301559.SZ,中集环科,0.65,13,7,6,7,0,20,20
25,801072.SI,通用设备,0.05629458111237162,5,4,20260911,603100.SH,川仪股份,0.65,13,5,8,7,0,20,20
25,801072.SI,通用设备,0.05629458111237162,5,4,20260911,603269.SH,海鸥股份,0.65,13,8,5,7,0,20,20
25,801072.SI,通用设备,0.05629458111237162,5,4,20260911,603308.SH,应流股份,0.65,13,6,7,7,0,20,20
25,801072.SI,通用设备,0.05629458111237162,5,4,20260911,603331.SH,百达精工,0.65,13,6,7,7,0,20,20
25,801072.SI,通用设备,0.05629458111237162,5,4,20260911,603700.SH,宁水集团,0.65,13,5,8,7,0,20,20
25,801072.SI,通用设备,0.05629458111237162,5,4,20260911,688600.SH,皖仪科技,0.65,13,7,6,7,0,20,20
25,801072.SI,通用设备,0.05629458111237162,5,4,20260911,688627.SH,精智达,0.65,13,5,8,7,0,20,20
25,801072.SI,通用设备,0.05629458111237162,5,4,20260911,920082.BJ,方正阀门,0.65,13,7,6,7,0,20,20
25,801072.SI,通用设备,0.05629458111237162,5,4,20260911,920725.BJ,惠丰钻石,0.65,13,6,7,7,0,20,20
25,801072.SI,通用设备,0.05629458111237162,5,4,20260911,000530.SZ,冰山冷热,0.631578947368421,12,6,6,7,1,19,20
25,801072.SI,通用设备,0.05629458111237162,5,4,20260911,001379.SZ,腾达科技,0.631578947368421,12,6,6,7,1,19,20
25,801072.SI,通用设备,0.05629458111237162,5,4,20260911,002686.SZ,亿利达,0.631578947368421,12,5,7,7,1,19,20
25,801072.SI,通用设备,0.05629458111237162,5,4,20260911,300263.SZ,隆华科技,0.631578947368421,12,6,6,7,1,19,20
25,801072.SI,通用设备,0.05629458111237162,5,4,20260911,300441.SZ,鲍斯股份,0.631578947368421,12,6,6,7,1,19,20
25,801072.SI,通用设备,0.05629458111237162,5,4,20260911,301137.SZ,哈焊华通,0.631578947368421,12,6,6,7,1,19,20
25,801072.SI,通用设备,0.05629458111237162,5,4,20260911,603028.SH,赛福天,0.631578947368421,12,5,7,7,1,19,20
25,801072.SI,通用设备,0.05629458111237162,5,4,20260911,920807.BJ,奔朗新材,0.631578947368421,12,6,6,7,1,19,20
25,801072.SI,通用设备,0.05629458111237162,5,4,20260911,002132.SZ,恒星科技,0.6,12,5,7,8,0,20,20
25,801072.SI,通用设备,0.05629458111237162,5,4,20260911,002639.SZ,雪人集团,0.6,12,6,6,8,0,20,20
25,801072.SI,通用设备,0.05629458111237162,5,4,20260911,300402.SZ,宝色股份,0.6,12,6,6,8,0,20,20
25,801072.SI,通用设备,0.05629458111237162,5,4,20260911,300572.SZ,安车检测,0.6,12,7,5,8,0,20,20
25,801072.SI,通用设备,0.05629458111237162,5,4,20260911,300862.SZ,蓝盾光电,0.6,12,4,8,8,0,20,20
25,801072.SI,通用设备,0.05629458111237162,5,4,20260911,301468.SZ,博盈特焊,0.6,12,5,7,8,0,20,20
25,801072.SI,通用设备,0.05629458111237162,5,4,20260911,600783.SH,鲁信创投,0.6,12,4,8,8,0,20,20
25,801072.SI,通用设备,0.05629458111237162,5,4,20260911,601882.SH,海天精工,0.6,12,6,6,8,0,20,20
25,801072.SI,通用设备,0.05629458111237162,5,4,20260911,603617.SH,君禾股份,0.6,12,6,6,8,0,20,20
25,801072.SI,通用设备,0.05629458111237162,5,4,20260911,603969.SH,银龙股份,0.6,12,6,6,8,0,20,20
25,801072.SI,通用设备,0.05629458111237162,5,4,20260911,688828.SH,国仪公司,0.6,12,5,7,8,0,20,20
25,801072.SI,通用设备,0.05629458111237162,5,4,20260911,920169.BJ,七丰精工,0.6,12,5,7,8,0,20,20
25,801072.SI,通用设备,0.05629458111237162,5,4,20260911,920685.BJ,新芝生物,0.6,12,6,6,8,0,20,20
25,801072.SI,通用设备,0.05629458111237162,5,4,20260911,920961.BJ,创远信科,0.6,12,6,6,8,0,20,20
26,801017.SI,养殖业,0.05497961738705581,19,11,20260824,002124.SZ,天邦食品,0.8947368421052632,17,8,9,2,1,19,20
26,801017.SI,养殖业,0.05497961738705581,19,11,20260824,002982.SZ,湘佳股份,0.85,17,10,7,3,0,20,20
26,801017.SI,养殖业,0.05497961738705581,19,11,20260824,002234.SZ,民和股份,0.8421052631578947,16,8,8,3,1,19,20
26,801017.SI,养殖业,0.05497961738705581,19,11,20260824,002458.SZ,益生股份,0.8421052631578947,16,9,7,3,1,19,20
26,801017.SI,养殖业,0.05497961738705581,19,11,20260824,002157.SZ,正邦科技,0.8125,13,8,5,3,4,16,20
26,801017.SI,养殖业,0.05497961738705581,19,11,20260824,000735.SZ,罗牛山,0.8,16,9,7,4,0,20,20
26,801017.SI,养殖业,0.05497961738705581,19,11,20260824,300761.SZ,立华股份,0.8,16,10,6,4,0,20,20
26,801017.SI,养殖业,0.05497961738705581,19,11,20260824,600975.SH,新五丰,0.8,16,8,8,4,0,20,20
26,801017.SI,养殖业,0.05497961738705581,19,11,20260824,603477.SH,巨星农牧,0.8,16,9,7,4,0,20,20
26,801017.SI,养殖业,0.05497961738705581,19,11,20260824,001201.SZ,东瑞股份,0.75,15,10,5,5,0,20,20
26,801017.SI,养殖业,0.05497961738705581,19,11,20260824,002714.SZ,牧原股份,0.75,15,9,6,5,0,20,20
26,801017.SI,养殖业,0.05497961738705581,19,11,20260824,002746.SZ,仙坛股份,0.75,15,9,6,5,0,20,20
26,801017.SI,养殖业,0.05497961738705581,19,11,20260824,002321.SZ,华英农业,0.7368421052631579,14,7,7,5,1,19,20
26,801017.SI,养殖业,0.05497961738705581,19,11,20260824,300498.SZ,温氏股份,0.7,14,7,7,6,0,20,20
26,801017.SI,养殖业,0.05497961738705581,19,11,20260824,300967.SZ,晓鸣股份,0.7,14,7,7,6,0,20,20
26,801017.SI,养殖业,0.05497961738705581,19,11,20260824,301116.SZ,益客食品,0.7,14,7,7,6,0,20,20
26,801017.SI,养殖业,0.05497961738705581,19,11,20260824,605296.SH,神农集团,0.7,14,8,6,6,0,20,20
26,801017.SI,养殖业,0.05497961738705581,19,11,20260824,603717.SH,天域生物,0.6842105263157895,13,7,6,6,1,19,20
26,801017.SI,养殖业,0.05497961738705581,19,11,20260824,002299.SZ,圣农发展,0.631578947368421,12,5,7,7,1,19,20
27,801015.SI,渔业,0.05298577391600645,19,11,20260824,000798.SZ,中水渔业,1.0,20,11,9,0,0,20,20
27,801015.SI,渔业,0.05298577391600645,19,11,20260824,600467.SH,好当家,1.0,20,11,9,0,0,20,20
27,801015.SI,渔业,0.05298577391600645,19,11,20260824,002069.SZ,獐子岛,0.95,19,11,8,1,0,20,20
27,801015.SI,渔业,0.05298577391600645,19,11,20260824,600097.SH,开创国际,0.95,19,11,8,1,0,20,20
27,801015.SI,渔业,0.05298577391600645,19,11,20260824,300094.SZ,国联水产,0.9444444444444444,17,10,7,1,2,18,20
27,801015.SI,渔业,0.05298577391600645,19,11,20260824,600257.SH,大湖股份,0.8947368421052632,17,9,8,2,1,19,20
28,801742.SI,航空装备Ⅱ,0.05070085563516735,18,11,20260825,000768.SZ,中航西飞,0.85,17,11,6,3,0,20,20
28,801742.SI,航空装备Ⅱ,0.05070085563516735,18,11,20260825,300699.SZ,光威复材,0.85,17,9,8,3,0,20,20
28,801742.SI,航空装备Ⅱ,0.05070085563516735,18,11,20260825,302132.SZ,中航成飞,0.85,17,8,9,3,0,20,20
28,801742.SI,航空装备Ⅱ,0.05070085563516735,18,11,20260825,600760.SH,中航沈飞,0.85,17,9,8,3,0,20,20
28,801742.SI,航空装备Ⅱ,0.05070085563516735,18,11,20260825,600862.SH,中航高科,0.85,17,10,7,3,0,20,20
28,801742.SI,航空装备Ⅱ,0.05070085563516735,18,11,20260825,600893.SH,航发动力,0.85,17,10,7,3,0,20,20
28,801742.SI,航空装备Ⅱ,0.05070085563516735,18,11,20260825,688708.SH,佳驰科技,0.8421052631578947,16,8,8,3,1,19,20
28,801742.SI,航空装备Ⅱ,0.05070085563516735,18,11,20260825,000697.SZ,炼石航空,0.8,16,9,7,4,0,20,20
28,801742.SI,航空装备Ⅱ,0.05070085563516735,18,11,20260825,300719.SZ,安达维尔,0.8,16,8,8,4,0,20,20
28,801742.SI,航空装备Ⅱ,0.05070085563516735,18,11,20260825,600316.SH,洪都航空,0.8,16,9,7,4,0,20,20
28,801742.SI,航空装备Ⅱ,0.05070085563516735,18,11,20260825,688281.SH,华秦科技,0.8,16,10,6,4,0,20,20
28,801742.SI,航空装备Ⅱ,0.05070085563516735,18,11,20260825,300034.SZ,钢研高纳,0.7894736842105263,15,8,7,4,1,19,20
28,801742.SI,航空装备Ⅱ,0.05070085563516735,18,11,20260825,300696.SZ,爱乐达,0.7894736842105263,15,8,7,4,1,19,20
28,801742.SI,航空装备Ⅱ,0.05070085563516735,18,11,20260825,000738.SZ,航发控制,0.75,15,8,7,5,0,20,20
28,801742.SI,航空装备Ⅱ,0.05070085563516735,18,11,20260825,002111.SZ,威海广泰,0.75,15,7,8,5,0,20,20
28,801742.SI,航空装备Ⅱ,0.05070085563516735,18,11,20260825,300581.SZ,晨曦航空,0.75,15,9,6,5,0,20,20
28,801742.SI,航空装备Ⅱ,0.05070085563516735,18,11,20260825,920642.BJ,通易航天,0.7368421052631579,14,7,7,5,1,19,20
28,801742.SI,航空装备Ⅱ,0.05070085563516735,18,11,20260825,002625.SZ,光启技术,0.7,14,7,7,6,0,20,20
28,801742.SI,航空装备Ⅱ,0.05070085563516735,18,11,20260825,002985.SZ,北摩高科,0.7,14,8,6,6,0,20,20
28,801742.SI,航空装备Ⅱ,0.05070085563516735,18,11,20260825,300395.SZ,菲利华,0.7,14,8,6,6,0,20,20
28,801742.SI,航空装备Ⅱ,0.05070085563516735,18,11,20260825,301586.SZ,佳力奇,0.7,14,8,6,6,0,20,20
28,801742.SI,航空装备Ⅱ,0.05070085563516735,18,11,20260825,600372.SH,中航机载,0.7,14,9,5,6,0,20,20
28,801742.SI,航空装备Ⅱ,0.05070085563516735,18,11,20260825,600765.SH,中航重机,0.7,14,8,6,6,0,20,20
28,801742.SI,航空装备Ⅱ,0.05070085563516735,18,11,20260825,605123.SH,派克新材,0.7,14,7,7,6,0,20,20
28,801742.SI,航空装备Ⅱ,0.05070085563516735,18,11,20260825,688237.SH,超卓航科,0.7,14,8,6,6,0,20,20
28,801742.SI,航空装备Ⅱ,0.05070085563516735,18,11,20260825,688510.SH,航亚科技,0.7,14,7,7,6,0,20,20
28,801742.SI,航空装备Ⅱ,0.05070085563516735,18,11,20260825,688563.SH,航材股份,0.7,14,10,4,6,0,20,20
28,801742.SI,航空装备Ⅱ,0.05070085563516735,18,11,20260825,002651.SZ,利君股份,0.6842105263157895,13,8,5,6,1,19,20
28,801742.SI,航空装备Ⅱ,0.05070085563516735,18,11,20260825,300775.SZ,三角防务,0.6842105263157895,13,6,7,6,1,19,20
28,801742.SI,航空装备Ⅱ,0.05070085563516735,18,11,20260825,300777.SZ,中简科技,0.6842105263157895,13,7,6,6,1,19,20
28,801742.SI,航空装备Ⅱ,0.05070085563516735,18,11,20260825,688070.SH,纵横股份,0.6842105263157895,13,7,6,6,1,19,20
28,801742.SI,航空装备Ⅱ,0.05070085563516735,18,11,20260825,688586.SH,江航装备,0.6842105263157895,13,6,7,6,1,19,20
28,801742.SI,航空装备Ⅱ,0.05070085563516735,18,11,20260825,300965.SZ,恒宇信通,0.65,13,7,6,7,0,20,20
28,801742.SI,航空装备Ⅱ,0.05070085563516735,18,11,20260825,600391.SH,航发科技,0.65,13,9,4,7,0,20,20
28,801742.SI,航空装备Ⅱ,0.05070085563516735,18,11,20260825,688239.SH,航宇科技,0.65,13,8,5,7,0,20,20
28,801742.SI,航空装备Ⅱ,0.05070085563516735,18,11,20260825,688297.SH,中无人机,0.65,13,8,5,7,0,20,20
28,801742.SI,航空装备Ⅱ,0.05070085563516735,18,11,20260825,000561.SZ,烽火电子,0.6,12,7,5,8,0,20,20
28,801742.SI,航空装备Ⅱ,0.05070085563516735,18,11,20260825,002297.SZ,博云新材,0.6,12,6,6,8,0,20,20
28,801742.SI,航空装备Ⅱ,0.05070085563516735,18,11,20260825,002389.SZ,航天彩虹,0.6,12,8,4,8,0,20,20
28,801742.SI,航空装备Ⅱ,0.05070085563516735,18,11,20260825,002933.SZ,新兴装备,0.6,12,7,5,8,0,20,20
28,801742.SI,航空装备Ⅱ,0.05070085563516735,18,11,20260825,300900.SZ,广联航空,0.6,12,5,7,8,0,20,20
28,801742.SI,航空装备Ⅱ,0.05070085563516735,18,11,20260825,688122.SH,西部超导,0.6,12,6,6,8,0,20,20
29,801112.SI,黑色家电,0.050591006401004446,19,10,20260824,600839.SH,四川长虹,0.8421052631578947,16,8,8,3,1,19,20
29,801112.SI,黑色家电,0.050591006401004446,19,10,20260824,000810.SZ,创维数字,0.75,15,7,8,5,0,20,20
29,801112.SI,黑色家电,0.050591006401004446,19,10,20260824,301578.SZ,辰奕智能,0.7,14,8,6,6,0,20,20
29,801112.SI,黑色家电,0.050591006401004446,19,10,20260824,600060.SH,海信视像,0.7,14,8,6,6,0,20,20
29,801112.SI,黑色家电,0.050591006401004446,19,10,20260824,002429.SZ,兆驰股份,0.6842105263157895,13,6,7,6,1,19,20
29,801112.SI,黑色家电,0.050591006401004446,19,10,20260824,002848.SZ,高斯贝尔,0.6842105263157895,13,8,5,6,1,19,20
29,801112.SI,黑色家电,0.050591006401004446,19,10,20260824,000801.SZ,四川九洲,0.65,13,7,6,7,0,20,20
29,801112.SI,黑色家电,0.050591006401004446,19,10,20260824,688609.SH,九联科技,0.65,13,6,7,7,0,20,20
29,801112.SI,黑色家电,0.050591006401004446,19,10,20260824,688696.SH,极米科技,0.65,13,7,6,7,0,20,20
