as_of_date,ts_code,stock_name,industry_code,industry_name,industry_level,window,observations,direction_observations,same_direction_days,same_up_days,same_down_days,opposite_direction_days,neutral_days,same_direction_ratio,data_quality,missing_reason,latest_stock_date,latest_industry_date
20260918,601022.SH,宁波远洋,801992.SI,航运港口,L2,20,20,20,18,8,10,2,0,0.9,ok,,20260918,20260918
20260918,000520.SZ,凤凰航运,801992.SI,航运港口,L2,20,20,19,16,7,9,3,1,0.8421052631578947,ok,,20260918,20260918
20260918,601872.SH,招商轮船,801992.SI,航运港口,L2,20,20,19,16,7,9,3,1,0.8421052631578947,ok,,20260918,20260918
20260918,603167.SH,渤海轮渡,801992.SI,航运港口,L2,20,20,17,14,7,7,3,3,0.8235294117647058,ok,,20260918,20260918
20260918,601008.SH,连云港,801992.SI,航运港口,L2,20,20,20,16,8,8,4,0,0.8,ok,,20260918,20260918
20260918,601228.SH,广州港,801992.SI,航运港口,L2,20,20,17,13,6,7,4,3,0.7647058823529411,ok,,20260918,20260918
20260918,001205.SZ,盛航股份,801992.SI,航运港口,L2,20,20,20,15,7,8,5,0,0.75,ok,,20260918,20260918
20260918,601018.SH,宁波港,801992.SI,航运港口,L2,20,20,20,15,7,8,5,0,0.75,ok,,20260918,20260918
20260918,603209.SH,兴通股份,801992.SI,航运港口,L2,20,20,20,15,7,8,5,0,0.75,ok,,20260918,20260918
20260918,603565.SH,中谷物流,801992.SI,航运港口,L2,20,20,20,15,6,9,5,0,0.75,ok,,20260918,20260918
20260918,002320.SZ,海峡股份,801992.SI,航运港口,L2,20,20,18,13,6,7,5,2,0.7222222222222222,ok,,20260918,20260918
20260918,601866.SH,中远海发,801992.SI,航运港口,L2,20,20,17,12,7,5,5,3,0.7058823529411765,ok,,20260918,20260918
20260918,002040.SZ,南京港,801992.SI,航运港口,L2,20,20,20,14,6,8,6,0,0.7,ok,,20260918,20260918
20260918,600428.SH,中远海特,801992.SI,航运港口,L2,20,20,20,14,6,8,6,0,0.7,ok,,20260918,20260918
20260918,601083.SH,锦江航运,801992.SI,航运港口,L2,20,20,20,14,6,8,6,0,0.7,ok,,20260918,20260918
20260918,601919.SH,中远海控,801992.SI,航运港口,L2,20,20,20,14,5,9,6,0,0.7,ok,,20260918,20260918
20260918,601975.SH,招商南油,801992.SI,航运港口,L2,20,20,20,14,8,6,6,0,0.7,ok,,20260918,20260918
20260918,603162.SH,海通发展,801992.SI,航运港口,L2,20,20,20,14,5,9,6,0,0.7,ok,,20260918,20260918
20260918,920571.BJ,国航远洋,801992.SI,航运港口,L2,20,20,20,14,6,8,6,0,0.7,ok,,20260918,20260918
20260918,600279.SH,重庆港,801992.SI,航运港口,L2,20,20,19,13,6,7,6,1,0.6842105263157895,ok,,20260918,20260918
20260918,600018.SH,上港集团,801992.SI,航运港口,L2,20,20,18,12,6,6,6,2,0.6666666666666666,ok,,20260918,20260918
20260918,600717.SH,天津港,801992.SI,航运港口,L2,20,20,18,12,5,7,6,2,0.6666666666666666,ok,,20260918,20260918
20260918,600026.SH,中远海能,801992.SI,航运港口,L2,20,20,20,13,6,7,7,0,0.65,ok,,20260918,20260918
20260918,601880.SH,辽港股份,801992.SI,航运港口,L2,20,20,14,9,4,5,5,6,0.6428571428571429,ok,,20260918,20260918
20260918,600017.SH,日照港,801992.SI,航运港口,L2,20,20,19,12,5,7,7,1,0.631578947368421,ok,,20260918,20260918
20260918,600798.SH,宁波海运,801992.SI,航运港口,L2,20,20,19,12,6,6,7,1,0.631578947368421,ok,,20260918,20260918
20260918,000905.SZ,厦门港务,801992.SI,航运港口,L2,20,20,20,12,7,5,8,0,0.6,ok,,20260918,20260918
20260918,600179.SH,安通控股,801992.SI,航运港口,L2,20,20,20,12,6,6,8,0,0.6,ok,,20260918,20260918
20260918,600751.SH,海航科技,801992.SI,航运港口,L2,20,20,20,12,4,8,8,0,0.6,ok,,20260918,20260918
20260918,601326.SH,秦港股份,801992.SI,航运港口,L2,20,20,20,12,6,6,8,0,0.6,ok,,20260918,20260918
20260918,601298.SH,青岛港,801992.SI,航运港口,L2,20,20,18,10,6,4,8,2,0.5555555555555556,ok,,20260918,20260918
20260918,000088.SZ,盐田港,801992.SI,航运港口,L2,20,20,19,10,5,5,9,1,0.5263157894736842,ok,,20260918,20260918
20260918,000582.SZ,北部湾港,801992.SI,航运港口,L2,20,20,20,10,5,5,10,0,0.5,ok,,20260918,20260918
20260918,001872.SZ,招商港口,801992.SI,航运港口,L2,20,20,19,9,4,5,10,1,0.47368421052631576,ok,,20260918,20260918
20260918,601000.SH,唐山港,801992.SI,航运港口,L2,20,20,19,9,5,4,10,1,0.47368421052631576,ok,,20260918,20260918
