rank,index_code,industry_name,rise_from_low_pct,same_direction_stock_count,source_date,status
1,801712.SI,玻璃玻纤,0.1493744532168293,10,20260918,watching
2,801744.SI,航海装备Ⅱ,0.1492169322072734,9,20260918,watching
3,801083.SI,元件,0.13476666437219764,62,20260918,watching
4,801743.SI,地面兵装Ⅱ,0.13361229893931936,10,20260918,watching
5,801767.SI,数字媒体,0.12942847426433811,13,20260918,watching
6,801102.SI,通信设备,0.1290459919195377,67,20260918,watching
7,801994.SI,教育,0.12756239117817758,10,20260918,watching
8,801183.SI,房地产服务,0.12145241501464676,10,20260918,watching
9,801086.SI,电子化学品Ⅱ,0.11570570906649147,34,20260918,watching
10,801039.SI,非金属材料Ⅱ,0.110850153512583,12,20260918,watching
11,801037.SI,橡胶,0.10299079291390889,18,20260918,watching
12,801206.SI,互联网电商,0.10211126602580922,15,20260918,watching
13,801766.SI,影视院线,0.0921742144648574,18,20260918,watching
14,801016.SI,种植业,0.08606100631526804,20,20260918,watching
15,801084.SI,光学光电子,0.07594302689756804,85,20260918,watching
16,801981.SI,个护用品,0.07466642446660954,11,20260918,watching
17,801156.SI,医疗服务,0.07179475483450792,47,20260918,watching
18,801115.SI,照明设备Ⅱ,0.06774211265865082,12,20260918,watching
19,801012.SI,农产品加工,0.0662522980743605,21,20260918,watching
20,801036.SI,塑料,0.06362366111913209,58,20260918,watching
21,801769.SI,出版,0.06280146704701228,28,20260918,watching
22,801082.SI,其他电子Ⅱ,0.06277930425229838,33,20260918,watching
23,801736.SI,风电设备,0.06035208357776489,21,20260918,watching
24,801092.SI,汽车服务,0.0594181344983038,11,20260918,watching
25,801072.SI,通用设备,0.05629458111237162,200,20260918,watching
26,801017.SI,养殖业,0.05497961738705581,19,20260918,watching
27,801015.SI,渔业,0.05298577391600645,6,20260918,watching
28,801742.SI,航空装备Ⅱ,0.05070085563516735,42,20260918,watching
29,801112.SI,黑色家电,0.05059100640100445,9,20260918,watching
